"","ID","Description","GeneRatio","BgRatio","RichFactor","FoldEnrichment","zScore","pvalue","p.adjust","qvalue","geneID","Count"
"GO:0007059","GO:0007059","chromosome segregation","130/2846","434/18860",0.299539170506912,1.98499956281109,8.75169623336556,1.45642332605675e-15,8.77058126951373e-12,7.94900520589919e-12,"ABRAXAS1/ACTB/AKAP8/ANAPC11/ANAPC1/ANAPC2/ANAPC7/ANKRD31/APC/ATM/AURKA/BAG6/BCCIP/BCL7A/BCL7B/BUB3/CCDC86/CCNB1/CCNE2/CDC42/CDC6/CDK1/CDT1/CENPF/CENPN/CENPO/CENPT/CENPU/CEP192/CEP63/CHFR/CHMP1A/CHMP2A/CHMP2B/CHMP3/CHMP5/CHMP7/CLASP1/CSNK2A2/DDX3X/DPF2/DSN1/DYNC1H1/EHMT2/EML4/ERCC2/FBXO5/GPSM2/HASPIN/HAUS3/HAUS6/HNRNPU/HORMAD1/KASH5/KIF11/KIF2A/KLHL22/KNL1/M1AP/MAD1L1/MAD2L1/MAEL/MAJIN/MAPRE2/MAPRE3/MCMDC2/MIS12/MIS18A/MLH1/MLH3/MMS19/MSH4/NCAPD3/NCAPH/NDEL1/NSMCE2/NTMT1/NUMA1/NUP62/PLSCR1/PPP2R2D/PRDM9/PUM2/RAB24/RAD18/RAD21/RAN/RCC1/RCC2/RECQL5/RHOA/RIOK2/RMDN1/RNF212/RNF4/SEH1L/SIRT7/SKA1/SKA3/SMARCA4/SMARCA5/SMARCB1/SMARCC1/SMARCD3/SMC4/SPATA22/SPC24/SPDL1/SPICE1/SPO11/SRPK1/STAG1/STAG2/STAG3/SYCE1/TENT4A/TEX15/TOP1/TUBB8/TUBB/TUBG1/TUBG2/TUBGCP3/TUBGCP4/UBE2I/UHRF1/VPS4B/WAPL/ZCWPW1/ZWINT",130
"GO:0044772","GO:0044772","mitotic cell cycle phase transition","132/2846","461/18860",0.286334056399132,1.89749132244822,8.22451841334522,4.06843564564976e-14,1.22500597290514e-10,1.11025467487863e-10,"ABRAXAS1/ACTB/ACVR1B/AKT1/ANAPC11/ANAPC1/ANAPC2/ANAPC7/ANLN/APC/APPL2/ATM/AURKA/BABAM2/BCL7A/BCL7B/BID/BRD4/BRSK1/BUB3/CACNB4/CACUL1/CALM3/CCNB1/CCND3/CCNE2/CCNF/CCNH/CCNI/CCNP/CDC14A/CDC14B/CDC25B/CDC25C/CDC34/CDC6/CDC73/CDC7/CDK10/CDK1/CDK2AP2/CDKN2A/CENPF/CHFR/CHMP2A/CHMP7/CKS2/CLASP1/CPSF3/CUL2/DACT1/DDX3X/DNM2/DPF2/DTL/EIF4EBP1/ERCC2/FBXL15/FBXO31/FBXO5/FBXO7/FOXO4/FZR1/GSPT1/HASPIN/ID2/INHBA/INTS3/KANK2/KDM8/KHDRBS1/KLHL22/KNL1/MAD1L1/MAD2L1/MARK3/MEPCE/MRNIP/MYB/NABP2/NAE1/NEUROG1/NFIB/NSMCE2/PABIR1/PIAS1/PKD1/PKD2/PKMYT1/PLK3/PLRG1/POLE/PPM1D/PPME1/PPP2CA/PPP2R2D/PPP6C/PRMT2/RAD21/RBBP8/RBX1/RCC1/RCC2/RIOK2/SENP2/SKA1/SKA3/SMARCA4/SMARCB1/SMARCC1/SMARCD3/SPAST/SPC24/SPDL1/TAOK1/TAOK2/TFDP1/TMEM14B/TMOD3/TPRA1/TRIAP1/TRIM39/UBE2E2/UBE2S/UIMC1/USP37/USP38/VPS4B/WAC/ZFP36L1/ZFYVE19/ZWINT",132
"GO:0098813","GO:0098813","nuclear chromosome segregation","100/2846","323/18860",0.309597523219814,2.05165470412006,8.03677058064092,3.03378175685699e-13,6.08981124659759e-10,5.51935382782578e-10,"ABRAXAS1/ACTB/AKAP8/ANAPC11/ANAPC1/ANAPC2/ANAPC7/ANKRD31/APC/ATM/AURKA/BAG6/BCCIP/BCL7A/BCL7B/BUB3/CCNB1/CCNE2/CDC42/CDC6/CDK1/CDT1/CENPF/CEP192/CHFR/CHMP1A/CHMP2A/CHMP2B/CHMP3/CHMP5/CHMP7/CLASP1/DPF2/DSN1/DYNC1H1/EHMT2/EML4/FBXO5/HASPIN/HNRNPU/HORMAD1/KASH5/KIF11/KIF2A/KLHL22/KNL1/M1AP/MAD1L1/MAD2L1/MAEL/MAJIN/MCMDC2/MIS12/MLH1/MLH3/MSH4/NCAPD3/NCAPH/NSMCE2/NUMA1/NUP62/PRDM9/RAB24/RAD21/RAN/RCC1/RCC2/RHOA/RIOK2/RMDN1/RNF212/SEH1L/SIRT7/SKA1/SKA3/SMARCA4/SMARCA5/SMARCB1/SMARCC1/SMARCD3/SMC4/SPATA22/SPC24/SPDL1/SPICE1/SPO11/STAG1/STAG2/STAG3/SYCE1/TENT4A/TEX15/TUBB8/TUBG1/TUBG2/UHRF1/VPS4B/WAPL/ZCWPW1/ZWINT",100
"GO:0000280","GO:0000280","nuclear division","123/2846","453/18860",0.271523178807947,1.79934193686503,7.25967300546904,1.59449308884124e-11,2.40050934525048e-08,2.17564385937942e-08,"ABRAXAS1/AKAP8/ANAPC11/ANAPC7/ANKRD31/ANLN/APC/ASZ1/ATM/AURKA/BAG6/BCCIP/BMP7/BRME1/BROX/BUB3/CCDC86/CCNB1/CCNE2/CDC14A/CDC14B/CDC25B/CDC25C/CDC42/CDK1/CDT1/CENPF/CEP192/CHFR/CHMP1A/CHMP2A/CHMP2B/CHMP3/CHMP5/CHMP7/CKS2/CLASP1/DMRT1/EHMT2/EML4/ERCC4/FANCA/FBXO5/FBXW5/FIGNL1/FZR1/HASPIN/HNRNPU/HORMAD1/HSF1/KASH5/KIF11/KIF2A/KLHL22/KNL1/L3MBTL1/M1AP/MAD1L1/MAD2L1/MAEL/MAJIN/MCMDC2/MEI1/MEIOSIN/MIS12/MLH1/MLH3/MSH4/NCAPD3/NCAPH/NDEL1/NEUROG1/NFIB/NSMCE2/NUMA1/NUP62/PKMYT1/PPP2R2D/PRDM9/PSMA8/RAB24/RAD21/RAD51AP1/RAD54B/RAN/RCC1/RHOA/RMDN1/RMI1/RNF212/RPL10L/SEH1L/SIRT7/SKA1/SKA3/SLC25A31/SMARCA5/SMC4/SPAST/SPATA22/SPC24/SPDL1/SPICE1/SPIRE2/SPO11/STAG1/STAG2/STAG3/SYCE1/TENT4A/TEX15/TUBB8/TUBG1/TUBG2/UBB/UBE2I/UBE2S/UHRF1/VPS4B/WAPL/ZCWPW1/ZNF541/ZWINT",123
"GO:0010639","GO:0010639","negative regulation of organelle organization","101/2846","367/18860",0.275204359673025,1.82373655074956,6.71807039426954,4.69382775031034e-10,5.65324614247377e-07,5.12368355481245e-07,"ACD/AKT1/ANKRD27/APC2/APC/ARAP1/ARHGEF18/ATM/BBOF1/BMP7/BNIP3/BUB3/CAPG/CAPZA1/CAPZA2/CARMIL2/CCDC88C/CCNB1/CCNF/CDK10/CENPF/CFL1/CKAP2/CLASP1/CLIP3/CTNNA2/CYRIB/DMRT1/DYRK1A/EHMT2/EML2/ERCC4/FBXO5/FEZ1/HASPIN/HDGFL3/HNRNPA1/HNRNPU/HORMAD1/INPP5K/KANK1/KANK2/KANK3/KLHL22/KNL1/MAD1L1/MAD2L1/MAPT/MDM1/MPHOSPH9/MTPN/NAT10/NPM1/NUBP1/OMA1/OPA1/PARP1/PARP3/PHF23/PINK1/PML/PPARG/PRELID1/PRKN/RAD21/RBM14/RHPN1/RTEL1/SETMAR/SKA1/SKA3/SLC25A31/SLC25A4/SLC35F6/SMAD4/SMARCA5/SMG6/SPC24/SPDL1/SPECC1L/SPTAN1/SPTBN1/SPTBN4/SSH1/SSH2/SVIL/TAOK1/TFRC/TMEM14A/TMOD3/TNKS2/TRIAP1/TRIM32/TRIM37/TTBK2/TWF2/USP10/WAPL/WDR44/XRCC1/ZWINT",101
"GO:1901990","GO:1901990","regulation of mitotic cell cycle phase transition","98/2846","357/18860",0.274509803921569,1.81913383765312,6.5871077306934,9.83588904820895e-10,8.78049075589525e-07,7.95798643033734e-07,"ABRAXAS1/ACTB/AKT1/ANAPC11/ANAPC7/ANLN/APC/APPL2/ATM/AURKA/BABAM2/BCL7A/BCL7B/BID/BRD4/BRSK1/BUB3/CACNB4/CCNB1/CCND3/CCNE2/CCNH/CDC14A/CDC14B/CDC25B/CDC25C/CDC6/CDC73/CDC7/CDK10/CDK1/CDK2AP2/CDKN2A/CENPF/CHFR/CPSF3/DACT1/DDX3X/DPF2/DTL/ERCC2/FBXO31/FBXO5/FBXO7/FOXO4/FZR1/HASPIN/ID2/INHBA/INTS3/KANK2/KLHL22/KNL1/MAD1L1/MAD2L1/MARK3/MEPCE/MRNIP/NABP2/NAE1/NEUROG1/NSMCE2/PABIR1/PKD1/PKD2/PKMYT1/PLK3/PLRG1/PPP2CA/PRMT2/RAD21/RBBP8/RCC2/RIOK2/SENP2/SKA1/SKA3/SMARCA4/SMARCB1/SMARCC1/SMARCD3/SPC24/SPDL1/TAOK1/TAOK2/TFDP1/TMEM14B/TMOD3/TPRA1/TRIAP1/TRIM39/UBE2E2/UIMC1/VPS4B/WAC/ZFP36L1/ZFYVE19/ZWINT",98
"GO:0033044","GO:0033044","regulation of chromosome organization","74/2846","244/18860",0.30327868852459,2.00978076794581,6.6927667406592,1.0206482114126e-09,8.78049075589525e-07,7.95798643033734e-07,"ACD/ACTB/ACTR8/ANAPC11/ANAPC1/ANAPC2/ANAPC7/APC/ATM/BCL7A/BCL7B/BUB3/CCNB1/CCT3/CCT5/CDC6/CDK1/CENPF/CHFR/DDX11/DKC1/DPF2/ERCC4/FBXO5/HASPIN/HNRNPA1/HNRNPU/HSP90AA1/INO80C/INO80E/KLHL22/KNL1/LIG4/MAD1L1/MAD2L1/MAP2K7/MAPT/NABP2/NAT10/NCAPD3/NCAPH/NSMCE2/NSMCE3/NUMA1/PARN/PARP1/PARP3/PKIB/PML/PPP1R10/PTGES3/RAD21/RIOK2/RNF4/RTEL1/SETMAR/SIRT6/SKA1/SKA3/SMARCA4/SMARCA5/SMARCB1/SMARCC1/SMARCD3/SMC4/SMG6/SPC24/SPDL1/TNKS2/UPF1/WAPL/XRCC1/YLPM1/ZWINT",74
"GO:0000819","GO:0000819","sister chromatid segregation","71/2846","233/18860",0.304721030042918,2.01933894118392,6.60012232758535,1.76547864765175e-09,1.32896405201985e-06,1.2044745773782e-06,"ABRAXAS1/ACTB/AKAP8/ANAPC11/ANAPC1/ANAPC2/ANAPC7/APC/ATM/BCCIP/BCL7A/BCL7B/BUB3/CCNB1/CDC6/CDK1/CDT1/CENPF/CEP192/CHFR/CHMP1A/CHMP2A/CHMP2B/CHMP3/CHMP5/CHMP7/CLASP1/DPF2/EML4/FBXO5/HASPIN/HNRNPU/KIF11/KIF2A/KLHL22/KNL1/MAD1L1/MAD2L1/MIS12/NCAPD3/NCAPH/NSMCE2/NUMA1/NUP62/RAD21/RAN/RCC1/RHOA/RIOK2/RMDN1/SEH1L/SKA1/SKA3/SMARCA4/SMARCA5/SMARCB1/SMARCC1/SMARCD3/SMC4/SPC24/SPDL1/SPICE1/STAG1/STAG2/TENT4A/TUBG1/TUBG2/UHRF1/VPS4B/WAPL/ZWINT",71
"GO:0006302","GO:0006302","double-strand break repair","92/2846","334/18860",0.275449101796407,1.82535841879137,6.41581533291567,2.64313857288502e-09,1.61995010396625e-06,1.46820278086752e-06,"ABRAXAS1/ACTB/ACTR8/APLF/ATM/BABAM2/BCL7A/BCL7B/BRME1/C1QBP/CDC45/CDC7/CHD4/CSNK2A2/DDX11/DNA2/DPF2/DYRK1A/EPC1/EPC2/ERCC4/ERCC6/FAN1/FIGNL1/FUS/H2AX/HMGA2/HSF1/HTATSF1/INTS3/KASH5/KDM2A/LIG3/LIG4/MAJIN/MBTD1/MCM2/MCM6/MCMDC2/MEAF6/MLH1/MMS22L/MRNIP/NABP2/NHEJ1/NSMCE2/NSMCE3/OGG1/PALB2/PARP1/PARP2/PARP3/PIAS1/PIAS4/PML/POLA1/POLN/PPP4R2/PPP5C/PRDM9/RAD21/RAD51AP1/RAD54B/RBBP8/RECQL4/RECQL5/REV3L/RMI1/RTEL1/SAMHD1/SENP3/SETMAR/SFR1/SIRT6/SMARCA4/SMARCB1/SMARCC1/SMARCD3/SMCHD1/SPIRE2/SPO11/TDP1/TDP2/TENT4A/TEX15/TWIST1/UHRF1/UIMC1/XRCC1/XRCC2/ZCWPW1/ZGRF1",92
"GO:1901987","GO:1901987","regulation of cell cycle phase transition","119/2846","468/18860",0.254273504273504,1.68503102269792,6.32623838704419,2.69005331113625e-09,1.61995010396625e-06,1.46820278086752e-06,"ABRAXAS1/ACTB/AKT1/ANAPC11/ANAPC7/ANLN/APC/APPL2/ATM/AURKA/BABAM2/BCL7A/BCL7B/BID/BRD4/BRSK1/BUB3/CACNB4/CCNB1/CCND3/CCNE2/CCNH/CCNQ/CDC14A/CDC14B/CDC25B/CDC25C/CDC45/CDC5L/CDC6/CDC73/CDC7/CDK10/CDK17/CDK1/CDK2AP2/CDKN2A/CDT1/CENPF/CEP63/CHFR/CLOCK/CPSF3/CRY1/DACT1/DDX3X/DNA2/DPF2/DTL/ERCC2/ERCC6/FBXO31/FBXO5/FBXO7/FOXO4/FZR1/GNB1L/H2AX/HASPIN/HORMAD1/ID2/INHBA/INTS3/INTS7/KANK2/KLHL22/KNL1/MAD1L1/MAD2L1/MARK3/MEPCE/MRNIP/NABP2/NAE1/NEUROG1/NPM1/NSMCE2/NSUN2/PABIR1/PKD1/PKD2/PKMYT1/PLK3/PLRG1/PPP1R10/PPP2CA/PRMT2/RAD21/RAD9A/RASSF1/RBBP8/RCC2/RIOK2/SENP2/SETMAR/SKA1/SKA3/SMARCA4/SMARCB1/SMARCC1/SMARCD3/SPC24/SPDL1/TAOK1/TAOK2/TELO2/TFDP1/TMEM14B/TMOD3/TPRA1/TRIAP1/TRIM39/UBE2E2/UIMC1/VPS4B/WAC/ZFP36L1/ZFYVE19/ZWINT",119
"GO:0007098","GO:0007098","centrosome cycle","50/2846","150/18860",0.333333333333333,2.20894823143593,6.26676351186641,1.77769275349464e-08,9.73205978322245e-06,8.82041811183702e-06,"AURKA/BNIP2/BRSK1/C2CD3/CCDC102B/CCNF/CDK11A/CDK11B/CDK1/CEP120/CEP192/CEP250/CEP44/CEP63/CHMP1A/CHMP2A/CHMP2B/CHMP3/CHMP5/CHORDC1/CNTLN/CNTROB/DCTN1/DEUP1/DNM2/FBXW5/GADD45A/HAUS3/HAUS6/KIF11/KIF3A/MDM1/NAT10/NDEL1/NPM1/NUBP1/NUP62/PARD6B/PARD6G/PDCD6IP/PKD2/PLK4/POC1A/PPP1R12A/RBM14/SPICE1/SSX2IP/TRIM37/VPS4B/XRCC2",50
"GO:0051983","GO:0051983","regulation of chromosome segregation","46/2846","134/18860",0.343283582089552,2.27488698461313,6.24350470185878,2.35465268799812e-08,9.98704042519844e-06,9.05151367873131e-06,"ACTB/ANAPC11/ANAPC1/ANAPC2/ANAPC7/APC/ATM/BCL7A/BCL7B/BUB3/CCNB1/CDC6/CDK1/CENPF/CHFR/CSNK2A2/DPF2/FBXO5/HASPIN/HNRNPU/HORMAD1/KLHL22/KNL1/MAD1L1/MAD2L1/NCAPD3/NCAPH/NSMCE2/NUMA1/PLSCR1/PPP2R2D/PUM2/RAD18/RAD21/RCC2/RIOK2/SKA1/SKA3/SMARCA4/SMARCB1/SMARCC1/SMARCD3/SMC4/SPC24/SPDL1/ZWINT",46
"GO:0008380","GO:0008380","RNA splicing","120/2846","490/18860",0.244897959183673,1.62290074146313,5.8896457781996,2.37712915061002e-08,9.98704042519844e-06,9.05151367873131e-06,"AKAP17A/ALYREF/ARMC7/ATXN7L3/C1QBP/CDC5L/CDK11A/CDK11B/CLASRP/CLK1/CRIPT/DAZAP1/DCPS/DDX39A/DDX39B/DDX42/DHX8/DHX9/DYRK1A/ESS2/FAM98A/FMR1/FUS/GEMIN2/GPATCH8/HNRNPA1/HNRNPF/HNRNPH1/HNRNPH2/HNRNPH3/HNRNPK/HNRNPL/HNRNPM/HNRNPR/HNRNPU/HTATSF1/ILF3/IWS1/KHDRBS1/LARP7/LSM1/LSM2/LSM4/LSM7/LSM8/LUC7L/MPHOSPH10/NCL/NPM1/PABPC1/PAXBP1/PLRG1/PPP4R2/PRPF40A/PRPF6/PTBP1/PTBP3/QKI/RBFOX1/RBM12B/RBM12/RBM14/RBM19/RBM23/RBM42/RBMX2/RNPS1/RNU6ATAC/RRP1B/RSRP1/RTCB/SAP18/SART1/SCAF11/SCAF1/SF1/SF3A2/SF3B1/SNRNP25/SNRNP70/SNRPD2/SNRPN/SNW1/SRPK1/SRPK2/SRRM2/SRSF10/SRSF1/SRSF2/SRSF5/SRSF6/SRSF9/STRAP/SUGP2/SUPT3H/TADA2B/TAF12/TAF12-DT/THOC3/THOC6/TIA1/TMBIM6/TRA2A/TSEN15/TSEN2/TSEN34/TSEN54/TSSC4/TXNL4B/U2AF1L4/U2AF2/UBL5/UPF1/USP39/YBX1/YJU2B/ZMAT2/ZMAT5/ZNF638/ZRSR2",120
"GO:0000075","GO:0000075","cell cycle checkpoint signaling","58/2846","187/18860",0.310160427807487,2.05538498540028,6.11436741382054,2.61861424624025e-08,9.98704042519844e-06,9.05151367873131e-06,"ABRAXAS1/APC/ATM/BABAM2/BRD4/BRSK1/BUB3/CCNB1/CDC14B/CDC45/CDC5L/CDC6/CDK1/CDT1/CENPF/CEP63/CHFR/CLOCK/CRY1/DNA2/DTL/ERCC6/FBXO31/FOXO4/FZR1/GNB1L/H2AX/HASPIN/HORMAD1/INTS3/INTS7/KLHL22/KNL1/MAD1L1/MAD2L1/MRNIP/NABP2/NAE1/NSUN2/PABIR1/PLK3/PPP1R10/RAD9A/RBBP8/SETMAR/SKA1/SKA3/SPC24/SPDL1/TAOK1/TAOK2/TELO2/TRIAP1/TRIM39/UIMC1/WAC/ZFYVE19/ZWINT",58
"GO:0022613","GO:0022613","ribonucleoprotein complex biogenesis","121/2846","496/18860",0.243951612903226,1.61662945163557,5.8668951394651,2.62797237338014e-08,9.98704042519844e-06,9.05151367873131e-06,"ADAR/AFG2B/ATM/BOP1/BYSL/C1QBP/CDKN2A/CHD7/DDX10/DDX39B/DDX3X/DDX42/DDX51/DDX52/DHX9/DICER1/DKC1/EIF2A/EIF2D/EIF2S2/EIF2S3/EIF3A/EIF3B/EIF3K/EIF5B/ERCC2/ESF1/EXOSC1/EXOSC2/EXOSC5/FASTKD2/FBL/FTSJ3/GEMIN2/GTF2H5/GTF3A/HEATR3/HSP90AA1/HTATSF1/KRI1/LSM2/LSM4/LTO1/LUC7L/LYAR/MAK16/MPHOSPH10/MPHOSPH6/MTERF4/MTG1/MYBBP1A/MYG1/NAT10/NOA1/NOB1/NOL7/NOLC1/NPM1/POP4/POP7/PPAN/PRPF6/PTGES3/PWP1/PWP2/RAN/RBFA/RBMX2/RIOK2/RNU6ATAC/RPL10L/RPL13A/RPL26L1/RPL5/RPLP0/RPP38/RPP40/RPS15/RPS16/RPS23/RPS5/RPS9/RPSA2/RPUSD1/RRP1B/RRP7A/RRP7BP/RRP9/RSRP1/SART1/SCAF11/SF1/SF3A2/SF3B1/SIRT7/SNRPD2/SRPK1/SRPK2/SRSF10/SRSF1/SRSF5/SRSF6/SRSF9/STRAP/SUV39H1/TAF12-DT/TFB1M/TSR3/TSSC4/U2AF2/URB2/USP36/USP39/UTP18/UTP20/UTP4/WDR12/WDR18/WDR43/YTHDF2/ZRSR2",121
"GO:0006354","GO:0006354","DNA-templated transcription elongation","48/2846","143/18860",0.335664335664336,2.22439542186556,6.19581528418626,2.65348134844196e-08,9.98704042519844e-06,9.05151367873131e-06,"ARMC5/BRD4/CCNK/CCNT2/CDC73/CTR9/EAPP/ELOB/ELOF1/ERCC2/ERCC6/GTF2F1/GTF2F2/GTF2H5/HMGN1/HNRNPU/INTS11/INTS2/INTS3/INTS7/IWS1/KAT7/LARP7/MED11/MED15/MED18/MED20/MED26/MED28/MED4/NELFA/NELFB/NELFCD/NELFE/PARP1/PCID2/POLR2E/POLR2I/PPP1R10/PPP2CA/RBX1/RECQL5/SETD5/SIRT6/SUPT4H1/SUPT5H/VHL/WDR43",48
"GO:0140014","GO:0140014","mitotic nuclear division","78/2846","281/18860",0.277580071174377,1.8394800219075,5.97694450937157,2.93211109639482e-08,1.03865723661703e-05,9.41361983579389e-06,"ABRAXAS1/AKAP8/ANAPC11/ANAPC7/ANLN/APC/ATM/AURKA/BCCIP/BMP7/BROX/BUB3/CCDC86/CCNB1/CDC14A/CDC14B/CDC25C/CDC42/CDK1/CDT1/CENPF/CEP192/CHMP1A/CHMP2A/CHMP2B/CHMP3/CHMP5/CHMP7/CLASP1/DMRT1/EML4/FBXO5/FBXW5/HASPIN/HNRNPU/KIF11/KIF2A/KLHL22/KNL1/L3MBTL1/MAD1L1/MAD2L1/MIS12/NCAPD3/NCAPH/NDEL1/NEUROG1/NFIB/NSMCE2/NUMA1/NUP62/PKMYT1/PPP2R2D/RAD21/RAN/RCC1/RHOA/RMDN1/SEH1L/SKA1/SKA3/SMARCA5/SMC4/SPAST/SPC24/SPDL1/SPICE1/STAG1/STAG2/TENT4A/TUBG1/TUBG2/UBE2I/UBE2S/UHRF1/VPS4B/WAPL/ZWINT",78
"GO:0051321","GO:0051321","meiotic cell cycle","81/2846","299/18860",0.270903010033445,1.79523217471215,5.84326682076868,5.14313614059302e-08,1.6816115790654e-05,1.52408817449249e-05,"ANAPC10/ANAPC11/ANAPC13/ANAPC1/ANAPC2/ANAPC7/ANKRD31/ASZ1/ATM/AURKA/BAG6/BRME1/BUB3/CCNE2/CDC25B/CDC25C/CHFR/CKS2/DMRT1/EHMT2/ERCC4/FAM9A/FANCA/FBXO5/FIGNL1/FZR1/H2AX/HORMAD1/HSF1/KASH5/KNL1/LSM14B/M1AP/MAEL/MAJIN/MCMDC2/MEI1/MEIOSIN/MLH1/MLH3/MSH4/NCAPD3/NCAPH/NSUN2/NUMA1/PKMYT1/PPP2CA/PRDM9/PSMA8/RAB24/RAD21/RAD51AP1/RAD54B/RBBP8/RMI1/RNF212/RPL10L/SIRT7/SKA1/SKA3/SLC25A31/SMC4/SPATA22/SPIN1/SPIRE2/SPO11/STAG2/STAG3/SYCE1/TEX15/TUBB8/TUBG1/TUBG2/TUBGCP3/TUBGCP4/UBB/XRCC2/YTHDF2/ZCWPW1/ZNF541/ZWINT",81
"GO:0051052","GO:0051052","regulation of DNA metabolic process","120/2846","497/18860",0.241448692152918,1.60004298454112,5.71499172398036,5.53205230764549e-08,1.6816115790654e-05,1.52408817449249e-05,"ABRAXAS1/ACD/ACTB/ACTR8/AKT1/ANKRD31/APLF/ATM/ATXN7L3/BABAM2/BCL7A/BCL7B/C1QBP/CCT3/CCT5/CDC6/CDC7/CDK1/CDT1/CHRAC1/CHTF18/CHTF8/DDX11/DFFB/DHX9/DKC1/DNA2/DPF2/DYNLL1/EHMT2/ENDOG/EPC1/EPC2/ERCC2/ERCC4/ERCC6/ESCO1/FBXO5/FIGNL1/FUS/GMNN/H1-2/H2AX/HMGA2/HNRNPA1/HNRNPU/HSF1/HSP90AA1/ING5/INO80C/INO80E/KAT7/KCTD13/LIG3/MAP2K7/MBTD1/MCM2/MCM6/MEAF6/MLH1/MRNIP/NABP2/NAT10/NSMCE2/NSMCE3/OGG1/PARN/PARP1/PARP3/PCNA/PIAS4/PKIB/PML/PMS2/POLG2/PPP1R10/PPP4R2/PRDM9/PTGES3/RAD51AP1/RECQL5/RFC3/RTEL1/SENP2/SENP3/SETMAR/SIRT6/SIRT7/SMARCA4/SMARCA5/SMARCB1/SMARCC1/SMARCD3/SMCHD1/SMG6/SPIRE2/SUPT3H/SUV39H1/TADA2B/TAF12/TAF4/TAF6/TAF7/TEX15/TFDP1/TFRC/TIGAR/TNKS2/TRIM28/TWIST1/UBE2V1/UIMC1/UPF1/USP1/USP37/WAPL/WRNIP1/XRCC1/YLPM1/ZCWPW1",120
"GO:0007051","GO:0007051","spindle organization","62/2846","209/18860",0.296650717703349,1.96585823467504,5.91919074010133,5.58489398560411e-08,1.6816115790654e-05,1.52408817449249e-05,"ABRAXAS1/AFG2B/AURKA/BCCIP/CCNB1/CEP120/CEP192/CEP63/CHMP1A/CHMP2A/CHMP2B/CHMP3/CHMP5/CHMP7/CLASP1/DCTN1/DYNC1H1/EFHC1/EML1/FBXO5/FSD1/GNAI1/GPSM2/HAUS3/HAUS6/HNRNPU/KASH5/KIF11/KIF2A/MAPRE2/MAPRE3/MLH1/NTMT1/NUMA1/NUP62/PARP3/PCNT/PKD1/PLK3/POC1A/PTPA/RAE1/RAN/RCC1/RHOA/RMDN1/RNF4/SKA1/SKA3/SPAST/SPICE1/STAG1/STAG2/TPPP/TUBB8/TUBB/TUBG1/TUBG2/TUBGCP3/TUBGCP4/UHRF1/VPS4B",62
"GO:0000070","GO:0000070","mitotic sister chromatid segregation","58/2846","192/18860",0.302083333333333,2.00185933473881,5.88213968108707,7.38090949618593e-08,2.11656366600151e-05,1.91829652820672e-05,"ABRAXAS1/AKAP8/ANAPC11/ANAPC7/APC/ATM/BCCIP/BUB3/CCNB1/CDK1/CDT1/CENPF/CEP192/CHMP1A/CHMP2A/CHMP2B/CHMP3/CHMP5/CHMP7/CLASP1/EML4/FBXO5/HASPIN/HNRNPU/KIF11/KIF2A/KLHL22/KNL1/MAD1L1/MAD2L1/MIS12/NCAPD3/NCAPH/NSMCE2/NUMA1/NUP62/RAD21/RAN/RCC1/RHOA/RMDN1/SEH1L/SKA1/SKA3/SMARCA5/SMC4/SPC24/SPDL1/SPICE1/STAG1/STAG2/TENT4A/TUBG1/TUBG2/UHRF1/VPS4B/WAPL/ZWINT",58
"GO:0045814","GO:0045814","negative regulation of gene expression, epigenetic","59/2846","197/18860",0.299492385786802,1.98468952773685,5.85691026659387,8.01162979516426e-08,2.18078619464932e-05,1.97650307106517e-05,"BEND3/CBX1/CBX5/CDKN2B-AS1/CTR9/DNMT1/DYRK1A/EED/EHMT1/EHMT2/EPC1/EZH1/H1-2/H2AC11/H2AC12/H2AC13/H2AC15/H2AC17/H2AC18/H2AC19/H2AC20/H2AC25/H2AC6/H2AC8/H2AX/HDAC4/HMGA2/HNRNPK/HNRNPU/JARID2/L3MBTL1/LHX2/MAEL/MBD1/MBD3/MCRIP1/MECP2/MIS18A/PCGF3/PCID2/PPM1D/SIRT6/SIRT7/SMARCA4/SMARCA5/SMCHD1/SPEN/SPIN1/SPTY2D1/SUV39H1/SUV39H2/TASOR2/TDRD5/TEX15/TRIM28/TRIM37/UHRF1/UHRF2/ZNF445",59
"GO:0050684","GO:0050684","regulation of mRNA processing","46/2846","139/18860",0.330935251798561,2.19305651754071,5.9515592581577,8.32914023197182e-08,2.18078619464932e-05,1.97650307106517e-05,"ALKBH5/C1QBP/CCNB1/CDC73/CDK11A/CDK11B/DAZAP1/DHX9/DYRK1A/FMR1/HNRNPA1/HNRNPK/HNRNPL/HNRNPU/IWS1/KHDRBS1/LARP7/NCL/NPM1/PTBP1/QKI/RBFOX1/RBM14/RBM19/RBM23/RBM42/RNPS1/SAFB2/SAFB/SAP18/SLTM/SNRNP70/SNW1/SRPK1/SRPK2/SRSF10/SRSF1/SRSF2/SRSF5/SRSF6/SRSF9/TIA1/TRA2A/U2AF2/UPF1/ZFP36L1",46
"GO:0010948","GO:0010948","negative regulation of cell cycle process","84/2846","318/18860",0.264150943396226,1.75048727774168,5.68991098446386,9.8652446758863e-08,2.47535430992447e-05,2.24347779142414e-05,"ABRAXAS1/APC/ATM/BABAM2/BMP7/BRD4/BRSK1/BUB3/CACNB4/CCNB1/CCNF/CDC14B/CDC45/CDC5L/CDC6/CDC73/CDK1/CDK2AP2/CDT1/CENPF/CEP63/CHFR/CHMP2A/CLOCK/CRY1/DACT1/DMRT1/DNA2/DTL/ERCC6/FBXO31/FBXO5/FBXO7/FOXO4/FZR1/GNB1L/H2AX/HASPIN/HORMAD1/INHBA/INTS3/INTS7/KANK2/KLHL22/KNL1/MAD1L1/MAD2L1/MDM1/MRNIP/NABP2/NAE1/NPM1/NSUN2/NUBP1/PABIR1/PKD2/PKMYT1/PLK3/PPP1R10/PRMT2/RAD21/RAD9A/RBBP8/RBM14/SETMAR/SKA1/SKA3/SMARCA5/SPC24/SPDL1/TAOK1/TAOK2/TELO2/TPRA1/TRIAP1/TRIM37/TRIM39/UIMC1/WAC/WAPL/ZFP36L1/ZFYVE19/ZNHIT1/ZWINT",84
"GO:0031023","GO:0031023","microtubule organizing center organization","51/2846","163/18860",0.312883435582822,2.07342993502882,5.80240991594119,1.30363860507274e-07,3.09044417701196e-05,2.80094968585485e-05,"AURKA/BNIP2/BRSK1/C2CD3/CCDC102B/CCNF/CDK11A/CDK11B/CDK1/CEP120/CEP192/CEP250/CEP44/CEP63/CHMP1A/CHMP2A/CHMP2B/CHMP3/CHMP5/CHORDC1/CLASP1/CNTLN/CNTROB/DCTN1/DEUP1/DNM2/FBXW5/GADD45A/HAUS3/HAUS6/KIF11/KIF3A/MDM1/NAT10/NDEL1/NPM1/NUBP1/NUP62/PARD6B/PARD6G/PDCD6IP/PKD2/PLK4/POC1A/PPP1R12A/RBM14/SPICE1/SSX2IP/TRIM37/VPS4B/XRCC2",51
"GO:0000956","GO:0000956","nuclear-transcribed mRNA catabolic process","43/2846","128/18860",0.3359375,2.22620563949403,5.86817538711443,1.34685071868504e-07,3.09044417701196e-05,2.80094968585485e-05,"ATM/CNOT1/CNOT4/CNOT6L/CNOT8/CNOT9/CTIF/DCPS/DHX34/DHX9/EIF4ENIF1/EXOSC2/EXOSC5/FMR1/GSPT1/HBS1L/HNRNPAB/HNRNPU/LSM1/LSM4/LSM7/MLH1/PABPC1/PAN2/PAN3/PARN/PATL1/PNRC1/POLR2G/RNPS1/SKIC2/SKIC3/SMG6/SMG7/SMG9/TENT2/TENT4A/TNRC6B/TNRC6C/UPF1/UPF2/YBX1/ZFP36L1",43
"GO:0032886","GO:0032886","regulation of microtubule-based process","75/2846","276/18860",0.271739130434783,1.80077301475755,5.64964602353606,1.38561927564469e-07,3.09044417701196e-05,2.80094968585485e-05,"APC2/APC/AURKA/BBOF1/CCDC88C/CCNF/CDK11A/CDK11B/CDK2AP2/CDK5R1/CEP120/CFAP206/CHMP1A/CHMP2A/CHMP2B/CHMP3/CHMP5/CHMP7/CHORDC1/CKAP2/CLASP1/CLIP3/DCTN1/DIXDC1/DNAAF1/DYNC1H1/DYNLT2B/DYRK1A/EML2/FBXW5/FEZ1/FNTB/FSD1/GBA2/GNAI1/GPSM2/HAUS3/HAUS6/HDGFL3/HNRNPU/MAPRE2/MAPRE3/MAPT/MDM1/MECP2/NAT10/NPM1/NUBP1/NUMA1/NUP62/ODAD2/PARP3/PDCD6IP/PKD1/PLK4/POC1A/PPP2CA/RAE1/RBM14/RCC1/RHOA/RNF4/ROCK1/SKA1/SKA3/SPAST/SPECC1L/SPICE1/TAOK1/TPPP/TRAF3IP1/TRIM37/TTBK2/TTLL6/VPS4B",75
"GO:0140694","GO:0140694","membraneless organelle assembly","108/2846","446/18860",0.242152466367713,1.60470678696243,5.44835088114703,2.17308905993605e-07,4.67369368533388e-05,4.23588976532647e-05,"ABRAXAS1/ACTA1/AKAP13/ALKBH5/ANLN/ARHGEF5/ATXN2/ATXN2L/AURKA/BCCIP/BOP1/C1QBP/C2CD3/CDS2/CENPA/CENPF/CENPT/CEP120/CEP192/CEP44/CEP63/CHMP1A/CHMP2A/CHMP2B/CHMP3/CHMP5/CHMP7/CLASP1/CNOT1/CNOT6L/CNTROB/DAZAP2/DDX3X/DEUP1/DYNC1H1/EIF2A/EIF2S1/EIF4ENIF1/EIF5B/FASTKD2/FBXO5/FITM2/FMR1/FUS/G3BP2/GPSM2/HAUS3/HAUS6/HNRNPU/HSF1/KASH5/KIF11/KIF2A/LIAT1/LSM14B/LSM4/MAPRE2/MAPRE3/MAPT/MDM1/MEF2A/MIS12/MLH1/MTERF4/MTG1/NOA1/NPM1/NUMA1/NUP62/PAN2/PAN3/PATL1/PLK4/PSPC1/PUM2/PWP2/QKI/RBM14/RCC1/RHOA/RNF4/RPL10L/RPL5/RPS15/RPS23/RPSA2/RRP7A/RRP7BP/SIX4/SKA1/SKA3/SMAD4/SPICE1/STAG1/STAG2/TIA1/TMOD3/TRIM37/TUBB8/TUBB/TUBGCP3/TUBGCP4/UHRF1/USP10/VPS4B/WNK3/YTHDF1/YTHDF2",108
"GO:1903046","GO:1903046","meiotic cell cycle process","64/2846","227/18860",0.281938325991189,1.86836149971674,5.54879861020692,2.70263759180107e-07,5.61216675097451e-05,5.08645223720093e-05,"ANKRD31/ASZ1/ATM/AURKA/BAG6/BRME1/CCNE2/CDC25B/CDC25C/CHFR/CKS2/DMRT1/EHMT2/ERCC4/FANCA/FBXO5/FIGNL1/FZR1/HORMAD1/HSF1/KASH5/KNL1/LSM14B/M1AP/MAEL/MAJIN/MCMDC2/MEI1/MEIOSIN/MLH1/MLH3/MSH4/NCAPD3/NCAPH/NSUN2/PKMYT1/PRDM9/PSMA8/RAB24/RAD21/RAD51AP1/RAD54B/RMI1/RNF212/RPL10L/SIRT7/SKA1/SKA3/SLC25A31/SMC4/SPATA22/SPIRE2/SPO11/STAG3/SYCE1/TEX15/TUBB8/TUBG1/TUBG2/UBB/YTHDF2/ZCWPW1/ZNF541/ZWINT",64
"GO:0070507","GO:0070507","regulation of microtubule cytoskeleton organization","51/2846","168/18860",0.303571428571429,2.01172071077201,5.55282850976697,3.73388577571917e-07,7.49515338046028e-05,6.79305184108909e-05,"APC2/APC/BBOF1/CCDC88C/CDK2AP2/CDK5R1/CHMP1A/CHMP2A/CHMP2B/CHMP3/CHMP5/CHMP7/CKAP2/CLASP1/CLIP3/DCTN1/DIXDC1/DYNC1H1/DYRK1A/EML2/FSD1/GBA2/GNAI1/GPSM2/HAUS3/HAUS6/HDGFL3/HNRNPU/MAPRE2/MAPRE3/MAPT/MECP2/NUMA1/NUP62/PARP3/PKD1/PPP2CA/RAE1/RCC1/RHOA/RNF4/ROCK1/SKA1/SKA3/SPAST/SPECC1L/TAOK1/TPPP/TRAF3IP1/TTBK2/VPS4B",51
"GO:0045786","GO:0045786","negative regulation of cell cycle","98/2846","399/18860",0.245614035087719,1.62764606526858,5.3419585430856,3.9073071048558e-07,7.59025915659406e-05,6.87924867187684e-05,"ABRAXAS1/APC/ATM/BABAM2/BMP2/BMP7/BRD4/BRSK1/BUB3/CACNB4/CCNB1/CCNF/CDC14B/CDC45/CDC5L/CDC6/CDC73/CDK1/CDK2AP2/CDKN2A/CDT1/CENPF/CEP63/CHFR/CHMP2A/CLOCK/CRY1/DACT1/DMRT1/DNA2/DTL/ERCC6/FBXO31/FBXO5/FBXO7/FOXC1/FOXO4/FZR1/GMNN/GNB1L/H2AX/HASPIN/HORMAD1/HOXD10/HPGD/INHBA/INTS3/INTS7/KANK2/KLHL22/KNL1/MAD1L1/MAD2L1/MDM1/MRNIP/NABP2/NAE1/NPM1/NSUN2/NUBP1/PABIR1/PKD2/PKMYT1/PLK3/PML/PPP1R10/PRMT2/RAD21/RAD9A/RBBP8/RBM14/RNF167/SETMAR/SKA1/SKA3/SMARCA5/SPC24/SPDL1/SUV39H1/TAF6/TAOK1/TAOK2/TELO2/THAP5/TP53BP2/TP53I13/TPRA1/TRIAP1/TRIM37/TRIM39/UIMC1/WAC/WAPL/ZBTB17/ZFP36L1/ZFYVE19/ZNHIT1/ZWINT",98
"GO:0007052","GO:0007052","mitotic spindle organization","44/2846","137/18860",0.321167883211679,2.12832968284338,5.58773040439134,4.10775106578398e-07,7.73027403692223e-05,7.00614778818748e-05,"ABRAXAS1/AFG2B/AURKA/BCCIP/CCNB1/CEP192/CHMP1A/CHMP2A/CHMP2B/CHMP3/CHMP5/CHMP7/CLASP1/DCTN1/DYNC1H1/EFHC1/EML1/FSD1/GNAI1/GPSM2/HNRNPU/KIF11/KIF2A/NUMA1/NUP62/PARP3/PCNT/PKD1/PLK3/POC1A/PTPA/RAE1/RAN/RCC1/RHOA/RMDN1/SPAST/SPICE1/STAG1/STAG2/TUBG1/TUBG2/UHRF1/VPS4B",44
"GO:0006368","GO:0006368","transcription elongation by RNA polymerase II","42/2846","129/18860",0.325581395348837,2.15757734233277,5.56149123187824,4.93876123824413e-07,9.01249096263824e-05,8.16825423294923e-05,"ARMC5/BRD4/CCNK/CCNT2/CDC73/CTR9/EAPP/ELOB/ELOF1/ERCC6/GTF2F1/GTF2F2/HNRNPU/INTS11/INTS2/INTS3/INTS7/IWS1/LARP7/MED11/MED15/MED18/MED20/MED26/MED28/MED4/NELFA/NELFB/NELFCD/NELFE/PARP1/PCID2/POLR2I/PPP1R10/PPP2CA/RBX1/RECQL5/SIRT6/SUPT4H1/SUPT5H/VHL/WDR43",42
"GO:0016072","GO:0016072","rRNA metabolic process","72/2846","270/18860",0.266666666666667,1.76715858514875,5.35246951886207,5.36095515351685e-07,9.49519762778779e-05,8.60574379906652e-05,"BOP1/BRF1/BYSL/CDKN2A/CHD7/DDX10/DDX11/DDX51/DDX52/DEDD2/DKC1/ERCC2/ERCC6/ESF1/EXOSC1/EXOSC2/EXOSC5/FBL/FTSJ3/GTF2H5/GTF3A/GTF3C1/KRI1/LYAR/MAK16/MAPT/MPHOSPH10/MPHOSPH6/MTERF4/MYG1/NAT10/NCL/NOB1/NOL7/NOLC1/POLR1A/POLR2E/POP4/POP7/PPAN/PWP1/PWP2/RBFA/RIOK2/RPL5/RPP38/RPP40/RPS15/RPS16/RPUSD1/RRP1B/RRP7A/RRP7BP/RRP9/SART1/SIRT7/SMARCA4/SMARCB1/SPIN1/SUV39H1/TAF1B/TFB1M/TOP1/TSR3/USP36/UTP18/UTP20/UTP4/WDR12/WDR18/WDR43/YTHDF2",72
"GO:0016236","GO:0016236","macroautophagy","98/2846","403/18860",0.24317617866005,1.6114907693354,5.23104840323847,6.3729431337454e-07,0.000109651038718328,9.93795793938944e-05,"ABI2/ADRB2/AFG2B/AKT1/ARMC3/ATG16L2/ATG4B/ATG7/ATM/ATP13A2/ATP6V0D1/ATP6V0E2/ATP6V1B2/ATP6V1D/ATP6V1E2/ATP6V1G1/BNIP3/CAPNS1/CDC37/CDK5R1/CHMP1A/CHMP2A/CHMP2B/CHMP3/CHMP5/CHMP7/CSNK2A2/CTSD/EHMT2/EIF2AK1/EIF2S1/ELP6/EMC6/EPHB2/EXOC7/EXOC8/FBXO7/FEZ1/FUNDC1/GAA/HGS/IRGQ/LRBA/LYPLA1/MAP1LC3B/MFSD8/MOAP1/OMA1/PACS2/PDCD6IP/PGAM5/PHF23/PINK1/PRKN/RAB1B/RAB33B/RAB3GAP2/RBX1/RETREG1/RETREG2/RETREG3/RIPK2/RNF41/RNF5/RUBCN/SLC25A4/SNX14/SNX32/SNX4/SNX6/SPART/SPATA33/SREBF1/SREBF2/STUB1/STX12/STX17/SUPT5H/TBC1D12/TBC1D25/TBC1D5/TBK1/TEX264/TIGAR/TOMM7/TRIM32/ULK3/USP36/VPS13C/VPS26B/VPS28/VPS35/VPS37C/VPS4B/VTA1/VTI1B/WAC/ZNRF1",98
"GO:0007093","GO:0007093","mitotic cell cycle checkpoint signaling","43/2846","136/18860",0.316176470588235,2.09525236658261,5.40394853419057,8.92310661008775e-07,0.000149263744460968,0.00013528160167633,"ABRAXAS1/APC/ATM/BABAM2/BRSK1/BUB3/CCNB1/CDC14B/CDC6/CDK1/CENPF/CHFR/DTL/FBXO31/FOXO4/FZR1/HASPIN/INTS3/KLHL22/KNL1/MAD1L1/MAD2L1/MRNIP/NABP2/NAE1/PABIR1/PLK3/PPP1R10/RAD9A/RBBP8/SETMAR/SKA1/SKA3/SPC24/SPDL1/TAOK1/TAOK2/TRIAP1/TRIM39/UIMC1/WAC/ZFYVE19/ZWINT",43
"GO:1901988","GO:1901988","negative regulation of cell cycle phase transition","72/2846","274/18860",0.262773722627737,1.74136064959913,5.21121164382745,9.75448395655484e-07,0.000158760817260468,0.000143889044992139,"ABRAXAS1/APC/ATM/BABAM2/BRD4/BRSK1/BUB3/CACNB4/CCNB1/CDC14B/CDC45/CDC5L/CDC6/CDC73/CDK1/CDK2AP2/CDT1/CENPF/CEP63/CHFR/CLOCK/CRY1/DACT1/DNA2/DTL/ERCC6/FBXO31/FBXO5/FBXO7/FOXO4/FZR1/GNB1L/H2AX/HASPIN/HORMAD1/INHBA/INTS3/INTS7/KANK2/KLHL22/KNL1/MAD1L1/MAD2L1/MRNIP/NABP2/NAE1/NSUN2/PABIR1/PKD2/PKMYT1/PLK3/PPP1R10/PRMT2/RAD21/RAD9A/RBBP8/SETMAR/SKA1/SKA3/SPC24/SPDL1/TAOK1/TAOK2/TELO2/TPRA1/TRIAP1/TRIM39/UIMC1/WAC/ZFP36L1/ZFYVE19/ZWINT",72
"GO:0040029","GO:0040029","epigenetic regulation of gene expression","78/2846","305/18860",0.255737704918033,1.69473405297052,5.15661720239605,1.12062061141945e-06,0.000177588876893893,0.000160953403606922,"ALKBH4/ARID4A/ATAD2/BEND3/CBX1/CBX5/CDKN2B-AS1/CTCFL/CTR9/DNMT1/DPY30/DYRK1A/EED/EGR1/EHMT1/EHMT2/EPC1/EZH1/GLMN/H1-2/H2AC11/H2AC12/H2AC13/H2AC15/H2AC17/H2AC18/H2AC19/H2AC20/H2AC25/H2AC6/H2AC8/H2AX/H3C12/HDAC4/HMGA2/HNRNPK/HNRNPU/JARID2/KAT7/L3MBTL1/LHX2/MAEL/MBD1/MBD3/MCRIP1/MECP2/MIS18A/NDN/OGG1/PCGF3/PCID2/PPM1D/PRMT3/RBM14/SIRT6/SIRT7/SMARCA4/SMARCA5/SMARCB1/SMCHD1/SPEN/SPIN1/SPTY2D1/STPG4/SUV39H1/SUV39H2/TASOR2/TDRD5/TEX15/TRIM28/TRIM37/UHRF1/UHRF2/USP21/WDR5/ZCWPW1/ZNF445/ZNHIT1",78
"GO:0050000","GO:0050000","chromosome localization","40/2846","124/18860",0.32258064516129,2.13769183687348,5.3582615863593,1.19564127676108e-06,0.000184619276119365,0.00016732523670732,"ABRAXAS1/APC/ATM/BUB3/CCNB1/CDC42/CDK1/CDT1/CENPF/CHMP1A/CHMP2A/CHMP2B/CHMP3/CHMP5/CHMP7/DSN1/DYNC1H1/EML4/HNRNPU/KASH5/KNL1/MAD1L1/MAJIN/MIS12/MLH1/NDEL1/NUMA1/NUP62/RAB24/RCC2/RMDN1/SEH1L/SKA1/SKA3/SPC24/SPDL1/SPICE1/SPO11/VPS4B/ZWINT",40
"GO:0033045","GO:0033045","regulation of sister chromatid segregation","36/2846","107/18860",0.336448598130841,2.22959260743066,5.37705676753768,1.31617727618755e-06,0.000198150488930036,0.00017958892571138,"ACTB/ANAPC11/ANAPC1/ANAPC2/ANAPC7/APC/ATM/BCL7A/BCL7B/BUB3/CCNB1/CDC6/CDK1/CENPF/CHFR/DPF2/FBXO5/HASPIN/HNRNPU/KLHL22/KNL1/MAD1L1/MAD2L1/NSMCE2/NUMA1/RAD21/RIOK2/SKA1/SKA3/SMARCA4/SMARCB1/SMARCC1/SMARCD3/SPC24/SPDL1/ZWINT",36
"GO:1902850","GO:1902850","microtubule cytoskeleton organization involved in mitosis","50/2846","170/18860",0.294117647058824,1.94907196891406,5.24017538345103,1.37436331573436e-06,0.000201863802130544,0.000182954397742815,"ABRAXAS1/AFG2B/AURKA/BCCIP/CCNB1/CDK1/CENPA/CEP192/CHMP1A/CHMP2A/CHMP2B/CHMP3/CHMP5/CHMP7/CLASP1/DCTN1/DYNC1H1/DYNLT1/EFHC1/EML1/FSD1/GNAI1/GPSM2/HNRNPU/KIF11/KIF2A/MAD2L1/NDEL1/NUMA1/NUP62/PARP3/PCNT/PKD1/PLK3/POC1A/PTPA/RAE1/RAN/RCC1/RHOA/RMDN1/SPAST/SPDL1/SPICE1/STAG1/STAG2/TUBG1/TUBG2/UHRF1/VPS4B",50
"GO:0000375","GO:0000375","RNA splicing, via transesterification reactions","86/2846","348/18860",0.247126436781609,1.6376685164094,5.0615646963206,1.50842706830726e-06,0.000216279709651103,0.00019601990850058,"C1QBP/CDC5L/DAZAP1/DCPS/DDX39A/DDX39B/DDX42/DHX8/DHX9/DYRK1A/ESS2/FMR1/GEMIN2/GPATCH8/HNRNPA1/HNRNPF/HNRNPH1/HNRNPH3/HNRNPK/HNRNPL/HNRNPM/HNRNPR/HNRNPU/HTATSF1/ILF3/KHDRBS1/LARP7/LSM1/LSM2/LSM4/LSM7/LSM8/LUC7L/MPHOSPH10/NCL/NPM1/PABPC1/PAXBP1/PLRG1/PRPF40A/PRPF6/PTBP1/QKI/RBFOX1/RBM14/RBM19/RBM23/RBM42/RBMX2/RNPS1/RNU6ATAC/RSRP1/SAP18/SART1/SCAF11/SF1/SF3A2/SF3B1/SNRNP25/SNRNP70/SNRPD2/SNRPN/SNW1/SRPK1/SRPK2/SRRM2/SRSF10/SRSF1/SRSF2/SRSF5/SRSF6/SRSF9/STRAP/TAF12-DT/TIA1/TRA2A/TSSC4/TXNL4B/U2AF1L4/U2AF2/UBL5/UPF1/USP39/YJU2B/ZMAT2/ZRSR2",86
"GO:0046605","GO:0046605","regulation of centrosome cycle","24/2846","59/18860",0.406779661016949,2.6956656383625,5.49923927762388,1.73291804483125e-06,0.000233723458205335,0.000211829630092234,"AURKA/CCNF/CDK11A/CDK11B/CEP120/CHMP1A/CHMP2A/CHMP2B/CHMP3/CHMP5/CHORDC1/FBXW5/MDM1/NAT10/NPM1/NUBP1/NUP62/PDCD6IP/PLK4/POC1A/RBM14/SPICE1/TRIM37/VPS4B",24
"GO:0051054","GO:0051054","positive regulation of DNA metabolic process","73/2846","283/18860",0.257950530035336,1.70939810135855,5.06900027803294,1.73597024763951e-06,0.000233723458205335,0.000211829630092234,"ABRAXAS1/ACD/ACTB/ACTR8/AKT1/ANKRD31/ATM/BABAM2/BCL7A/BCL7B/CCT3/CCT5/CDC7/CDK1/CDT1/CHTF18/CHTF8/DDX11/DHX9/DKC1/DNA2/DPF2/ENDOG/EPC1/EPC2/ERCC2/ERCC6/FUS/H2AX/HNRNPA1/HSF1/HSP90AA1/INO80C/INO80E/KAT7/KCTD13/MAP2K7/MBTD1/MEAF6/MLH1/MRNIP/NABP2/PARN/PARP1/PARP3/PCNA/PIAS4/PKIB/PML/PMS2/POLG2/PPP1R10/PRDM9/PTGES3/RAD51AP1/RFC3/RTEL1/SETMAR/SIRT6/SMARCA4/SMARCA5/SMARCB1/SMARCC1/SMARCD3/SMCHD1/SPIRE2/TFRC/TIGAR/TNKS2/TRIM28/UIMC1/USP1/ZCWPW1",73
"GO:0044839","GO:0044839","cell cycle G2/M phase transition","48/2846","162/18860",0.296296296296296,1.96350953905416,5.19209720084191,1.75827164532751e-06,0.000233723458205335,0.000211829630092234,"ABRAXAS1/AKAP8/ATM/AURKA/BABAM2/BRD4/BRSK1/CALM3/CCNB1/CCNQ/CDC14B/CDC25B/CDC25C/CDC6/CDC7/CDK10/CDK1/CENPF/CHFR/DNM2/DTL/FBXL15/FBXO5/FOXO4/FZR1/INTS3/KDM8/KHDRBS1/MARK3/MRNIP/NABP2/NAE1/NPM1/PABIR1/PKMYT1/PLK3/PPM1D/PPME1/RAD21/RBBP8/RCC2/SMARCD3/TAOK1/TAOK2/TRIM39/UIMC1/VPS4B/ZFYVE19",48
"GO:0032784","GO:0032784","regulation of DNA-templated transcription elongation","35/2846","104/18860",0.336538461538462,2.23018811827666,5.30328481562544,1.82414522345578e-06,0.000233723458205335,0.000211829630092234,"BRD4/CCNK/CCNT2/CDC73/EAPP/ERCC6/GTF2F1/HMGN1/HNRNPU/INTS11/INTS2/INTS3/INTS7/KAT7/LARP7/MED11/MED15/MED18/MED20/MED26/MED28/MED4/NELFA/NELFB/NELFCD/NELFE/PARP1/PPP1R10/RECQL5/SETD5/SIRT6/SUPT4H1/SUPT5H/VHL/WDR43",35
"GO:0051310","GO:0051310","metaphase chromosome alignment","35/2846","104/18860",0.336538461538462,2.23018811827666,5.30328481562544,1.82414522345578e-06,0.000233723458205335,0.000211829630092234,"ABRAXAS1/APC/BUB3/CCNB1/CDC42/CDK1/CDT1/CENPF/CHMP1A/CHMP2A/CHMP2B/CHMP3/CHMP5/CHMP7/DSN1/DYNC1H1/EML4/HNRNPU/KNL1/MAD1L1/MIS12/MLH1/NUMA1/NUP62/RAB24/RCC2/RMDN1/SEH1L/SKA1/SKA3/SPC24/SPDL1/SPICE1/VPS4B/ZWINT",35
"GO:1902749","GO:1902749","regulation of cell cycle G2/M phase transition","39/2846","122/18860",0.319672131147541,2.11841756621315,5.22455305409882,2.0821274336047e-06,0.000260187330793244,0.000235814523967028,"ABRAXAS1/ATM/AURKA/BABAM2/BRD4/BRSK1/CCNB1/CCNQ/CDC14B/CDC25B/CDC25C/CDC6/CDC7/CDK10/CDK1/CENPF/CHFR/DTL/FBXO5/FOXO4/FZR1/INTS3/MARK3/MRNIP/NABP2/NAE1/NPM1/PABIR1/PKMYT1/RAD21/RBBP8/RCC2/SMARCD3/TAOK1/TAOK2/TRIM39/UIMC1/VPS4B/ZFYVE19",39
"GO:0032506","GO:0032506","cytokinetic process","22/2846","52/18860",0.423076923076923,2.80366506297638,5.49051551207983,2.12186188686085e-06,0.000260187330793244,0.000235814523967028,"ALKBH4/ANLN/ARF1/CEP55/CHMP1A/CHMP2A/CHMP2B/CHMP3/CHMP5/CHMP7/CNTROB/EXOC7/IQGAP2/MITD1/NUP62/PDCD6IP/RHOA/SPART/SPAST/SPIRE2/VPS4B/ZFYVE19",22
"GO:0010389","GO:0010389","regulation of G2/M transition of mitotic cell cycle","36/2846","109/18860",0.330275229357798,2.18868265133102,5.24679169435583,2.16030663229196e-06,0.000260187330793244,0.000235814523967028,"ABRAXAS1/ATM/AURKA/BABAM2/BRD4/BRSK1/CCNB1/CDC14B/CDC25B/CDC25C/CDC6/CDC7/CDK1/CENPF/CHFR/DTL/FBXO5/FOXO4/FZR1/INTS3/MARK3/MRNIP/NABP2/NAE1/PABIR1/PKMYT1/RAD21/RBBP8/RCC2/SMARCD3/TAOK1/TAOK2/TRIM39/UIMC1/VPS4B/ZFYVE19",36
"GO:0000086","GO:0000086","G2/M transition of mitotic cell cycle","44/2846","145/18860",0.303448275862069,2.0109045968934,5.15141007309917,2.3211414820589e-06,0.000274076745195269,0.000248402860360689,"ABRAXAS1/ATM/AURKA/BABAM2/BRD4/BRSK1/CALM3/CCNB1/CDC14B/CDC25B/CDC25C/CDC6/CDC7/CDK1/CENPF/CHFR/DNM2/DTL/FBXL15/FBXO5/FOXO4/FZR1/INTS3/KDM8/KHDRBS1/MARK3/MRNIP/NABP2/NAE1/PABIR1/PKMYT1/PLK3/PPM1D/PPME1/RAD21/RBBP8/RCC2/SMARCD3/TAOK1/TAOK2/TRIM39/UIMC1/VPS4B/ZFYVE19",44
"GO:0043484","GO:0043484","regulation of RNA splicing","54/2846","192/18860",0.28125,1.86380007027407,5.07156293673654,2.43177443021822e-06,0.000281618184976425,0.000255237862766831,"AKAP17A/ATXN7L3/C1QBP/CDK11A/CDK11B/CLK1/DAZAP1/DYRK1A/FMR1/FUS/HNRNPA1/HNRNPF/HNRNPH1/HNRNPH2/HNRNPH3/HNRNPK/HNRNPL/HNRNPU/KHDRBS1/LARP7/NCL/NPM1/PTBP1/PTBP3/QKI/RBFOX1/RBM12B/RBM12/RBM14/RBM19/RBM23/RBM42/RNPS1/RRP1B/SAP18/SNRNP70/SNW1/SRPK1/SRPK2/SRSF10/SRSF1/SRSF2/SRSF5/SRSF6/SRSF9/SUPT3H/TADA2B/TAF12/TIA1/TMBIM6/TRA2A/U2AF2/UPF1/ZNF638",54
"GO:1902410","GO:1902410","mitotic cytokinetic process","18/2846","38/18860",0.473684210526316,3.13903169730369,5.56420343522502,2.49291671904192e-06,0.000282523913128153,0.000256058747674225,"ARF1/CEP55/CHMP1A/CHMP2A/CHMP2B/CHMP3/CHMP5/CHMP7/CNTROB/EXOC7/IQGAP2/MITD1/NUP62/PDCD6IP/RHOA/SPART/VPS4B/ZFYVE19",18
"GO:0051298","GO:0051298","centrosome duplication","29/2846","80/18860",0.3625,2.40223120168658,5.29838719127529,2.53342598952512e-06,0.000282523913128153,0.000256058747674225,"BRSK1/C2CD3/CCNF/CEP120/CEP192/CEP44/CEP63/CHMP1A/CHMP2A/CHMP2B/CHMP3/CHMP5/CHORDC1/CNTROB/DEUP1/FBXW5/MDM1/NAT10/NPM1/NUBP1/NUP62/PDCD6IP/PKD2/PLK4/POC1A/RBM14/SPICE1/TRIM37/VPS4B",29
"GO:0034502","GO:0034502","protein localization to chromosome","39/2846","123/18860",0.317073170731707,2.10119465917077,5.16527549215807,2.60936882491596e-06,0.000283424563843894,0.000256875030769737,"ACD/APLF/ATM/BRD2/BRD3/BUB3/CDK1/CENPA/CHMP7/CTCFL/ERCC6/H2AC8/H2AX/H2BC11/H4C14/H4C15/HASPIN/HTATSF1/JARID2/KNL1/LEF1/MIS18A/MMS22L/MRNIP/PARP1/PARP2/PARP3/PIAS4/PML/RAD21/RCC2/RNF4/SIRT6/SPDL1/SPIN1/SPO11/TNKS2/VCPIP1/WAPL",39
"GO:0007127","GO:0007127","meiosis I","41/2846","132/18860",0.310606060606061,2.05833812474712,5.14390065500922,2.63563194540984e-06,0.000283424563843894,0.000256875030769737,"ANKRD31/ATM/AURKA/BAG6/BRME1/CCNE2/CDC25B/CKS2/DMRT1/EHMT2/ERCC4/FBXO5/HORMAD1/KASH5/KNL1/M1AP/MAEL/MAJIN/MCMDC2/MEI1/MLH1/MLH3/MSH4/PRDM9/PSMA8/RAD21/RAD51AP1/RAD54B/RMI1/RNF212/RPL10L/SIRT7/SLC25A31/SPATA22/SPO11/STAG3/SYCE1/TEX15/UBB/ZCWPW1/ZWINT",41
"GO:0045132","GO:0045132","meiotic chromosome segregation","33/2846","97/18860",0.34020618556701,2.25449355579544,5.22191776947971,2.71560397055223e-06,0.000286901177380097,0.000260025975758325,"ANKRD31/ATM/AURKA/BAG6/CCNE2/CHFR/EHMT2/FBXO5/HORMAD1/KASH5/KNL1/M1AP/MAEL/MAJIN/MCMDC2/MLH1/MLH3/MSH4/NCAPH/PRDM9/RNF212/SIRT7/SKA1/SKA3/SMC4/SPATA22/SPO11/STAG3/SYCE1/TEX15/TUBB8/ZCWPW1/ZWINT",33
"GO:1901991","GO:1901991","negative regulation of mitotic cell cycle phase transition","54/2846","193/18860",0.27979274611399,1.8541430750913,5.02804181796253,2.88721683589273e-06,0.000299772754926655,0.000271691820219669,"ABRAXAS1/APC/ATM/BABAM2/BRSK1/BUB3/CACNB4/CCNB1/CDC14B/CDC6/CDC73/CDK1/CDK2AP2/CENPF/CHFR/DACT1/DTL/FBXO31/FBXO5/FBXO7/FOXO4/FZR1/HASPIN/INHBA/INTS3/KANK2/KLHL22/KNL1/MAD1L1/MAD2L1/MRNIP/NABP2/NAE1/PABIR1/PKD2/PKMYT1/PLK3/PRMT2/RAD21/RBBP8/SKA1/SKA3/SPC24/SPDL1/TAOK1/TAOK2/TPRA1/TRIAP1/TRIM39/UIMC1/WAC/ZFP36L1/ZFYVE19/ZWINT",54
"GO:0140013","GO:0140013","meiotic nuclear division","56/2846","203/18860",0.275862068965517,1.82809508808491,5.0007389943923,3.0797013453032e-06,0.00031080189219145,0.000281687813283342,"ANKRD31/ASZ1/ATM/AURKA/BAG6/BRME1/CCNE2/CDC25B/CHFR/CKS2/DMRT1/EHMT2/ERCC4/FANCA/FBXO5/FIGNL1/FZR1/HORMAD1/HSF1/KASH5/KNL1/M1AP/MAEL/MAJIN/MCMDC2/MEI1/MEIOSIN/MLH1/MLH3/MSH4/NCAPH/PRDM9/PSMA8/RAB24/RAD21/RAD51AP1/RAD54B/RMI1/RNF212/RPL10L/SIRT7/SKA1/SKA3/SLC25A31/SMC4/SPATA22/SPIRE2/SPO11/STAG3/SYCE1/TEX15/TUBB8/UBB/ZCWPW1/ZNF541/ZWINT",56
"GO:0061982","GO:0061982","meiosis I cell cycle process","43/2846","142/18860",0.302816901408451,2.00672057644532,5.07633485395124,3.19540949921259e-06,0.00031080189219145,0.000281687813283342,"ANKRD31/ATM/AURKA/BAG6/BRME1/CCNE2/CDC25B/CDC25C/CKS2/DMRT1/EHMT2/ERCC4/FBXO5/HORMAD1/KASH5/KNL1/M1AP/MAEL/MAJIN/MCMDC2/MEI1/MLH1/MLH3/MSH4/PKMYT1/PRDM9/PSMA8/RAD21/RAD51AP1/RAD54B/RMI1/RNF212/RPL10L/SIRT7/SLC25A31/SPATA22/SPO11/STAG3/SYCE1/TEX15/UBB/ZCWPW1/ZWINT",43
"GO:0042254","GO:0042254","ribosome biogenesis","79/2846","318/18860",0.248427672955975,1.64629160644754,4.89993877279071,3.20189698435474e-06,0.00031080189219145,0.000281687813283342,"AFG2B/BOP1/BYSL/C1QBP/CDKN2A/CHD7/DDX10/DDX3X/DDX51/DDX52/DKC1/EIF2A/EIF5B/ERCC2/ESF1/EXOSC1/EXOSC2/EXOSC5/FASTKD2/FBL/FTSJ3/GTF2H5/GTF3A/HEATR3/KRI1/LTO1/LYAR/MAK16/MPHOSPH10/MPHOSPH6/MTERF4/MTG1/MYBBP1A/MYG1/NAT10/NOA1/NOB1/NOL7/NOLC1/NPM1/POP4/POP7/PPAN/PWP1/PWP2/RAN/RBFA/RIOK2/RPL10L/RPL26L1/RPL5/RPLP0/RPP38/RPP40/RPS15/RPS16/RPS23/RPS5/RPS9/RPSA2/RPUSD1/RRP1B/RRP7A/RRP7BP/RRP9/SART1/SIRT7/SUV39H1/TFB1M/TSR3/URB2/USP36/UTP18/UTP20/UTP4/WDR12/WDR18/WDR43/YTHDF2",79
"GO:0007005","GO:0007005","mitochondrion organization","98/2846","417/18860",0.235011990407674,1.55738796173181,4.85217767327162,3.20227794088254e-06,0.00031080189219145,0.000281687813283342,"ACAD9/AFG3L2/AKT1/AP3B1/ATAD3A/ATP13A2/ATP5F1D/ATPAF1/ATPAF2/AURKA/BID/BLOC1S2/BNIP3/CALM3/CHCHD4/CNTNAP1/COA4/COX17/COX18/COX7A2L/CYRIB/DAP3/DNAJA3/DNAJC11/EIF2S1/ENDOG/FASTKD3/FEZ1/FMC1/FUNDC1/GABPB1/GCLM/GDAP1/HSD17B10/HSPD1/IMMT/LETM1/LIG3/LONP1/MAPT/MFSD8/MICOS13/MOAP1/MSTO1/MTFR1/MTX2/NDUFAF5/NDUFAF6/NDUFS7/NDUFS8/NOA1/OMA1/OPA1/OXA1L/PARP1/PGAM5/PINK1/POLG2/PPARG/PPM1K/PRELID1/PRKN/PUM2/PYCARD/RAB5IF/RALBP1/ROMO1/RTL10/SCO2/SDHAF3/SDHAF4/SHARPIN/SIRT5/SIRT7/SLC25A31/SLC25A4/SLC35F6/SOD2/SPG7/TFAM/TFRC/TIMM13/TIMM29/TIMM8B/TMEM135/TMEM14A/TMEM70/TOMM20/TOMM40/TOMM7/TRIAP1/UQCC1/UQCC2/UQCC5/UQCC6/UQCRFS1/VPS13C/VPS35",98
"GO:0000377","GO:0000377","RNA splicing, via transesterification reactions with bulged adenosine as nucleophile","84/2846","344/18860",0.244186046511628,1.61818300674958,4.87808724940616,3.30310878449897e-06,0.00031080189219145,0.000281687813283342,"C1QBP/CDC5L/DAZAP1/DCPS/DDX39A/DDX39B/DDX42/DHX8/DHX9/DYRK1A/ESS2/FMR1/GEMIN2/GPATCH8/HNRNPA1/HNRNPF/HNRNPH1/HNRNPH3/HNRNPK/HNRNPL/HNRNPM/HNRNPR/HNRNPU/HTATSF1/ILF3/KHDRBS1/LARP7/LSM2/LSM4/LSM7/LSM8/LUC7L/NCL/NPM1/PABPC1/PAXBP1/PLRG1/PRPF40A/PRPF6/PTBP1/QKI/RBFOX1/RBM14/RBM19/RBM23/RBM42/RBMX2/RNPS1/RNU6ATAC/RSRP1/SAP18/SART1/SCAF11/SF1/SF3A2/SF3B1/SNRNP25/SNRNP70/SNRPD2/SNRPN/SNW1/SRPK1/SRPK2/SRRM2/SRSF10/SRSF1/SRSF2/SRSF5/SRSF6/SRSF9/STRAP/TAF12-DT/TIA1/TRA2A/TSSC4/TXNL4B/U2AF1L4/U2AF2/UBL5/UPF1/USP39/YJU2B/ZMAT2/ZRSR2",84
"GO:0000398","GO:0000398","mRNA splicing, via spliceosome","84/2846","344/18860",0.244186046511628,1.61818300674958,4.87808724940616,3.30310878449897e-06,0.00031080189219145,0.000281687813283342,"C1QBP/CDC5L/DAZAP1/DCPS/DDX39A/DDX39B/DDX42/DHX8/DHX9/DYRK1A/ESS2/FMR1/GEMIN2/GPATCH8/HNRNPA1/HNRNPF/HNRNPH1/HNRNPH3/HNRNPK/HNRNPL/HNRNPM/HNRNPR/HNRNPU/HTATSF1/ILF3/KHDRBS1/LARP7/LSM2/LSM4/LSM7/LSM8/LUC7L/NCL/NPM1/PABPC1/PAXBP1/PLRG1/PRPF40A/PRPF6/PTBP1/QKI/RBFOX1/RBM14/RBM19/RBM23/RBM42/RBMX2/RNPS1/RNU6ATAC/RSRP1/SAP18/SART1/SCAF11/SF1/SF3A2/SF3B1/SNRNP25/SNRNP70/SNRPD2/SNRPN/SNW1/SRPK1/SRPK2/SRRM2/SRSF10/SRSF1/SRSF2/SRSF5/SRSF6/SRSF9/STRAP/TAF12-DT/TIA1/TRA2A/TSSC4/TXNL4B/U2AF1L4/U2AF2/UBL5/UPF1/USP39/YJU2B/ZMAT2/ZRSR2",84
"GO:0031122","GO:0031122","cytoplasmic microtubule organization","25/2846","65/18860",0.384615384615385,2.54878642088762,5.27295313727215,3.58772454390561e-06,0.000332388880052301,0.00030125266008341,"CCDC88C/CEP120/CLASP1/CLIP3/CLIP4/CRIPT/DYNC1H1/FSD1/HOOK1/HOOK3/IFT172/KANK1/KATNA1/MAPT/NUMA1/PLK3/PPFIBP1/RHOA/SLK/TBCB/TPPP/TUBG1/TUBG2/TUBGCP3/TUBGCP4",25
"GO:0034243","GO:0034243","regulation of transcription elongation by RNA polymerase II","32/2846","94/18860",0.340425531914894,2.25594712997712,5.1460771715797,3.76526731481457e-06,0.000343552117724445,0.000311370191823183,"BRD4/CCNK/CCNT2/CDC73/EAPP/ERCC6/GTF2F1/HNRNPU/INTS11/INTS2/INTS3/INTS7/LARP7/MED11/MED15/MED18/MED20/MED26/MED28/MED4/NELFA/NELFB/NELFCD/NELFE/PARP1/PPP1R10/RECQL5/SIRT6/SUPT4H1/SUPT5H/VHL/WDR43",32
"GO:0010824","GO:0010824","regulation of centrosome duplication","21/2846","50/18860",0.42,2.78327477160928,5.3227459232591,4.14915411492051e-06,0.00037292844895599,0.00033799472248017,"CCNF/CEP120/CHMP1A/CHMP2A/CHMP2B/CHMP3/CHMP5/CHORDC1/FBXW5/MDM1/NAT10/NPM1/NUBP1/NUP62/PDCD6IP/PLK4/POC1A/RBM14/SPICE1/TRIM37/VPS4B",21
"GO:0044784","GO:0044784","metaphase/anaphase transition of cell cycle","33/2846","99/18860",0.333333333333333,2.20894823143593,5.08421814068438,4.50457498241683e-06,0.000393663265228341,0.0003567872240747,"ACTB/ANAPC11/ANAPC1/ANAPC2/ANAPC7/APC/ATM/BCL7A/BCL7B/BUB3/CCNB1/CDC6/CENPF/CHFR/DPF2/FBXO5/HASPIN/KLHL22/KNL1/MAD1L1/MAD2L1/NSMCE2/RAD21/RIOK2/SKA1/SKA3/SMARCA4/SMARCB1/SMARCC1/SMARCD3/SPC24/SPDL1/ZWINT",33
"GO:0006260","GO:0006260","DNA replication","73/2846","290/18860",0.251724137931034,1.66813676787748,4.8337622418331,4.51058872480165e-06,0.000393663265228341,0.0003567872240747,"ACTR8/ADRA2A/ASCC1/ATM/BOD1L1/CCNE2/CDC34/CDC45/CDC6/CDC7/CDK1/CDT1/CHRAC1/CHTF18/CHTF8/DDX11/DHX9/DNA2/DNAJA3/DTL/DYNLL1/EHMT2/ENDOG/ESCO1/FBXO5/FZR1/GMNN/ING5/INO80C/INO80E/KAT7/KCTD13/KIN/LIG3/LRWD1/MCM2/MCM6/MEAF6/MMS22L/NFIB/NFIX/ORC6/PARP1/PCNA/POLA1/POLA2/POLE/POLG2/POLN/PRIM1/RBBP7/RBBP8/RECQL4/RECQL5/REV1/REV3L/RFC3/RMI1/RTEL1/SAMHD1/SENP2/SET/SETMAR/SMARCA5/TOP1/TOP1MT/TWNK/UPF1/USP37/WAPL/WDHD1/WDR18/WRNIP1",73
"GO:0032785","GO:0032785","negative regulation of DNA-templated transcription, elongation","14/2846","26/18860",0.538461538461538,3.56830098924266,5.52443891747635,4.90460793682174e-06,0.000420063887381968,0.000380714792440962,"EAPP/HNRNPU/LARP7/NELFA/NELFB/NELFCD/NELFE/PARP1/PPP1R10/RECQL5/SIRT6/SUPT4H1/SUPT5H/VHL",14
"GO:0070192","GO:0070192","chromosome organization involved in meiotic cell cycle","25/2846","66/18860",0.378787878787879,2.51016844481356,5.18101218798415,4.952596480259e-06,0.000420063887381968,0.000380714792440962,"ANKRD31/ATM/BAG6/CCNE2/EHMT2/HORMAD1/KASH5/MAEL/MAJIN/MCMDC2/MLH1/MLH3/MSH4/NCAPD3/NCAPH/PRDM9/RNF212/SIRT7/SMC4/SPATA22/SPO11/STAG3/SYCE1/TEX15/ZCWPW1",25
"GO:0031507","GO:0031507","heterochromatin formation","47/2846","163/18860",0.288343558282209,1.91080797934029,4.92335929750323,5.11119707158483e-06,0.000427494843959498,0.000387449661055078,"BEND3/CBX1/CBX5/CDKN2B-AS1/DNMT1/DYRK1A/EED/EHMT1/EHMT2/EZH1/H1-2/H2AC11/H2AC12/H2AC13/H2AC15/H2AC17/H2AC18/H2AC19/H2AC20/H2AC25/H2AC6/H2AC8/H2AX/HMGA2/HNRNPK/HNRNPU/JARID2/L3MBTL1/MAEL/MBD1/MBD3/MECP2/MIS18A/PCGF3/PPM1D/SIRT6/SMARCA4/SMARCA5/SMCHD1/SPEN/SPIN1/SPTY2D1/SUV39H1/TDRD5/TEX15/TRIM28/UHRF1",47
"GO:0034244","GO:0034244","negative regulation of transcription elongation by RNA polymerase II","13/2846","23/18860",0.565217391304348,3.74560787069571,5.55422445510975,5.26100207238414e-06,0.000433996636710922,0.000393342404402477,"EAPP/HNRNPU/LARP7/NELFA/NELFB/NELFCD/NELFE/PARP1/PPP1R10/RECQL5/SIRT6/SUPT4H1/VHL",13
"GO:0006282","GO:0006282","regulation of DNA repair","62/2846","236/18860",0.26271186440678,1.74095072477578,4.82876103051068,5.40992399654843e-06,0.00043714551157893,0.000396196311338557,"ABRAXAS1/ACTB/ACTR8/ATM/ATXN7L3/BABAM2/BCL7A/BCL7B/C1QBP/DDX11/DHX9/DPF2/EPC1/EPC2/ERCC6/FIGNL1/FUS/H2AX/HMGA2/HSF1/INO80C/INO80E/KAT7/MBTD1/MEAF6/MRNIP/OGG1/PARP1/PARP3/PCNA/PIAS4/PML/PPP4R2/RAD51AP1/RECQL5/RTEL1/SENP3/SETMAR/SIRT6/SIRT7/SMARCA4/SMARCB1/SMARCC1/SMARCD3/SMCHD1/SPIRE2/SUPT3H/SUV39H1/TADA2B/TAF12/TAF4/TAF6/TAF7/TEX15/TIGAR/TRIM28/TWIST1/UBE2V1/UIMC1/USP1/XRCC1/ZCWPW1",62
"GO:0000082","GO:0000082","G1/S transition of mitotic cell cycle","64/2846","246/18860",0.260162601626016,1.72405715624268,4.81889446300326,5.44435625513446e-06,0.00043714551157893,0.000396196311338557,"ACTB/ACVR1B/AKT1/APC/APPL2/BCL7A/BCL7B/BID/CACNB4/CACUL1/CCNB1/CCND3/CCNE2/CCNF/CCNH/CCNI/CCNP/CDC34/CDC6/CDC73/CDC7/CDK10/CDK1/CDK2AP2/CDKN2A/CPSF3/CUL2/DACT1/DDX3X/DPF2/EIF4EBP1/FBXO31/FBXO7/GSPT1/ID2/INHBA/KANK2/KHDRBS1/MEPCE/MYB/PIAS1/PKD1/PKD2/PLK3/PLRG1/POLE/PPP2CA/PPP6C/PRMT2/RBBP8/RBX1/RCC1/SENP2/SMARCA4/SMARCB1/SMARCC1/SMARCD3/TFDP1/TMEM14B/TRIAP1/UBE2E2/USP37/USP38/WAC",64
"GO:0051304","GO:0051304","chromosome separation","29/2846","83/18860",0.349397590361446,2.31540356789068,5.06304543384511,5.90502223837532e-06,0.000467895314730213,0.000424065655207425,"ANAPC11/ANAPC7/APC/ATM/BUB3/CCNB1/CENPF/CHFR/CSNK2A2/FBXO5/HASPIN/KLHL22/KNL1/M1AP/MAD1L1/MAD2L1/NCAPD3/NCAPH/NSMCE2/NUMA1/PLSCR1/RAD21/RECQL5/SKA1/SKA3/SMC4/SPC24/SPDL1/ZWINT",29
"GO:0007091","GO:0007091","metaphase/anaphase transition of mitotic cell cycle","32/2846","96/18860",0.333333333333333,2.20894823143593,5.00619168669241,6.24896070902542e-06,0.000488717420646118,0.000442937269669129,"ACTB/ANAPC11/ANAPC1/ANAPC2/ANAPC7/APC/ATM/BCL7A/BCL7B/BUB3/CCNB1/CDC6/CENPF/DPF2/FBXO5/HASPIN/KLHL22/KNL1/MAD1L1/MAD2L1/NSMCE2/RAD21/RIOK2/SKA1/SKA3/SMARCA4/SMARCB1/SMARCC1/SMARCD3/SPC24/SPDL1/ZWINT",32
"GO:0006403","GO:0006403","RNA localization","56/2846","208/18860",0.269230769230769,1.78415049462133,4.79396932574245,6.87779489919176e-06,0.000531001036960677,0.000481260007453566,"ALKBH5/ALYREF/ATM/ATXN2/CCT3/CCT5/DDX25/DDX39A/DDX39B/DHX9/DKC1/FBL/FMR1/FXR2/FYTTD1/G3BP2/GLE1/HNRNPA1/HNRNPAB/HNRNPU/HSF1/IWS1/KHDRBS1/MEX3D/NSUN2/NUP107/NUP155/NUP210/NUP214/NUP50/NUP62/NXF1/PARN/PCID2/PRPF6/PUM2/QKI/RAE1/RANBP2/RAN/RBFOX1/RBM33/SEH1L/SENP2/SLBP/SMG6/SMG7/SRSF1/THOC3/THOC6/TOMM20/UPF1/UPF2/YBX1/ZC3H3/ZFP36L1",56
"GO:0072594","GO:0072594","establishment of protein localization to organelle","108/2846","478/18860",0.225941422594142,1.49727871754235,4.64241869250447,7.0017685014824e-06,0.000533729745771228,0.000483733106997818,"ACD/ADAR/AKIRIN2/AKT1/AP3B1/APPL2/BAG4/BAG6/BID/CALM3/CDK1/CDKN2A/CFL1/CHCHD4/COX18/CSNK2A2/CTCFL/DDIT3/EDEM1/EIF4ENIF1/FAM53C/FBXO7/GDAP1/GET1/GNPTAB/GNPTG/GRPEL1/GRPEL2/HACL1/HEATR3/HGS/HSP90AA1/HSPD1/IFT122/ING1/IPO11/IPO9/JAK2/LRWD1/LYPLA1/LYSET/MAPT/MOAP1/MTERF4/MTX2/NABP2/NAGPA/NCOA4/NF1/NPEPPS/NPM1/NUP107/NUP155/NUP214/NUP50/NUP62/OXA1L/PAM16/PEX16/PEX5L/PINK1/PML/POLA2/PPP1R10/PRKN/PTPN23/PTTG1IP/RAB10/RAB3GAP2/RANBP2/RAN/ROMO1/SAE1/SEC61B/SEC61G/SGTA/SIRT6/SNAP25-AS1/SPCS3/SREBF1/SREBF2/SRP14/SRP54/SRP68/SRPRB/SUFU/TBK1/TIMM13/TIMM29/TIMM8B/TOMM20/TOMM34/TOMM40/TOMM7/TRAM2/TRIM28/TRIM37/TTC9-DT/UBE2D3/UBL5/USP36/VPS13C/VPS28/VPS37C/ZDHHC12/ZFAND2A/ZFAND6/ZFYVE16",108
"GO:0060236","GO:0060236","regulation of mitotic spindle organization","19/2846","44/18860",0.431818181818182,2.86159202708746,5.2116358439285,7.26405984515663e-06,0.000546802104844166,0.000495580924962331,"CHMP1A/CHMP2A/CHMP2B/CHMP3/CHMP5/CHMP7/DCTN1/DYNC1H1/FSD1/GNAI1/GPSM2/HNRNPU/NUMA1/NUP62/PARP3/PKD1/RAE1/RCC1/VPS4B",19
"GO:2001251","GO:2001251","negative regulation of chromosome organization","32/2846","97/18860",0.329896907216495,2.18617556925618,4.93753933944608,7.98845941104299e-06,0.000593907439176555,0.000538273710802572,"ACD/APC/ATM/BUB3/CCNB1/CENPF/ERCC4/FBXO5/HASPIN/HNRNPA1/HNRNPU/KLHL22/KNL1/MAD1L1/MAD2L1/NAT10/PARP1/PARP3/PML/RAD21/RTEL1/SETMAR/SKA1/SKA3/SMARCA5/SMG6/SPC24/SPDL1/TNKS2/WAPL/XRCC1/ZWINT",32
"GO:0090224","GO:0090224","regulation of spindle organization","20/2846","48/18860",0.416666666666667,2.76118528929492,5.15032990779889,8.10420493658256e-06,0.000595164904001222,0.000539413383776387,"CHMP1A/CHMP2A/CHMP2B/CHMP3/CHMP5/CHMP7/DCTN1/DYNC1H1/FSD1/GNAI1/GPSM2/HNRNPU/NUMA1/NUP62/PARP3/PKD1/RAE1/RCC1/RNF4/VPS4B",20
"GO:1905818","GO:1905818","regulation of chromosome separation","27/2846","76/18860",0.355263157894737,2.35427377297777,4.98707719078637,8.59522980546804e-06,0.000623620167331669,0.000565203126713402,"ANAPC11/ANAPC7/APC/ATM/BUB3/CCNB1/CENPF/CHFR/CSNK2A2/FBXO5/HASPIN/KLHL22/KNL1/MAD1L1/MAD2L1/NCAPD3/NCAPH/NSMCE2/NUMA1/PLSCR1/RAD21/SKA1/SKA3/SMC4/SPC24/SPDL1/ZWINT",27
"GO:0033119","GO:0033119","negative regulation of RNA splicing","14/2846","27/18860",0.518518518518518,3.43614169334479,5.34012643267827,8.77077925400812e-06,0.000628781341281391,0.000569880832481605,"C1QBP/DYRK1A/HNRNPK/NPM1/PTBP1/PTBP3/RBM42/RNPS1/SAP18/SRSF10/SRSF6/SRSF9/TMBIM6/U2AF2",14
"GO:0072655","GO:0072655","establishment of protein localization to mitochondrion","39/2846","129/18860",0.302325581395349,2.00346467502329,4.82106878525724,9.37534787516904e-06,0.000664215822403152,0.000601996021458223,"AKT1/AP3B1/BAG4/BID/CALM3/CDKN2A/CHCHD4/COX18/CSNK2A2/DDIT3/FBXO7/GDAP1/GRPEL1/GRPEL2/HSP90AA1/HSPD1/MAPT/MOAP1/MTERF4/MTX2/NPEPPS/OXA1L/PAM16/PINK1/PRKN/ROMO1/SAE1/SREBF1/SREBF2/TIMM13/TIMM29/TIMM8B/TOMM20/TOMM34/TOMM40/TOMM7/UBE2D3/UBL5/USP36",39
"GO:0000725","GO:0000725","recombinational repair","54/2846","201/18860",0.26865671641791,1.78034633578419,4.6888690914092,1.06367137213762e-05,0.000744817325931712,0.000675047253920874,"ACTB/ATM/C1QBP/CDC45/CDC7/CHD4/CTBP1-DT/DYRK1A/EPC1/EPC2/ERCC4/ERCC6/FAN1/FIGNL1/FUS/H2AX/HTATSF1/INTS3/KASH5/LIG3/MBTD1/MCM2/MCM6/MCMDC2/MEAF6/MMS22L/MRNIP/NABP2/NSMCE2/NSMCE3/PALB2/PARP1/PIAS1/PIAS4/POLN/PPP4R2/RAD21/RAD51AP1/RAD54B/RBBP8/RECQL4/RECQL5/REV3L/RMI1/RTEL1/SAMHD1/SENP3/SFR1/SIRT6/SMCHD1/TEX15/UHRF1/XRCC2/ZGRF1",54
"GO:0001701","GO:0001701","in utero embryonic development","98/2846","429/18860",0.228438228438228,1.51382466210295,4.53832933033875,1.1395393643283e-05,0.000788770810572992,0.000714883436665728,"ACVR1B/ADAM10/ADCY9/AKAP3/AKT1/APBA1/ARMC5/B9D1/BMP2/BMP7/BMPR1A/BNIP2/BRK1/BTF3/BYSL/C2CD3/CCN1/CCNB1/CHD7/CITED1/CMIP/CNOT1/CTR9/DAD1/DNAJB6/EIF2S2/ENDOG/ERCC2/FKRP/FOXC1/FUT8/GATA2/GPI/GRB2/GSE1/HCFC1/HEY2/HM13/HORMAD1/HSF1/INPP5K/IWS1/JAG2/KDM4C/KDM8/LEF1/LIG4/MAFG/MBD3/MDFI/MGAT1/MIB1/MYB/NCKAP1/NDEL1/NPAT/NR2F2/NSUN2/PALB2/PKD1/PKD2/PLK4/PLOD3/POLG2/PPP4R4/PRICKLE2/PTPN18/RBBP8/RIC8A/RRP7A/RSPO3/RTCB/SCO2/SEC24C/SEC24D/SENP2/SMAD2/SMAD4/SMARCB1/SMG9/SP3/SPINT2/SRSF1/SUV39H1/TAB1/TAF8/TBX3/TEAD4/TENT5C/TRIM28/TTLL4/TWIST1/UNK/VASH1/XRCC2/YBX1/ZFP14/ZFP36L1",98
"GO:0034063","GO:0034063","stress granule assembly","17/2846","38/18860",0.447368421052632,2.96464104745349,5.11056590652885,1.23721034411221e-05,0.000846645533209514,0.000767336798351891,"ATXN2/ATXN2L/DAZAP2/DDX3X/DYNC1H1/EIF2S1/FMR1/G3BP2/HSF1/MAPT/PUM2/QKI/RPS23/TIA1/USP10/YTHDF1/YTHDF2",17
"GO:0000288","GO:0000288","nuclear-transcribed mRNA catabolic process, deadenylation-dependent decay","23/2846","61/18860",0.377049180327869,2.49864636014884,4.94223705828702,1.28185752674298e-05,0.000867342250117554,0.000786094769504713,"CNOT1/CNOT4/CNOT6L/CNOT8/CNOT9/DCPS/DHX9/EIF4ENIF1/FMR1/HNRNPU/LSM1/MLH1/PABPC1/PAN2/PAN3/PARN/PATL1/POLR2G/TENT4A/TNRC6B/TNRC6C/YBX1/ZFP36L1",23
"GO:1902099","GO:1902099","regulation of metaphase/anaphase transition of cell cycle","31/2846","95/18860",0.326315789473684,2.16244405814255,4.78835616325568,1.40997488488372e-05,0.000943429861863308,0.000855054944809602,"ACTB/ANAPC11/ANAPC7/APC/ATM/BCL7A/BCL7B/BUB3/CCNB1/CDC6/CENPF/CHFR/DPF2/FBXO5/HASPIN/KLHL22/KNL1/MAD1L1/MAD2L1/NSMCE2/RAD21/RIOK2/SKA1/SKA3/SMARCA4/SMARCB1/SMARCC1/SMARCD3/SPC24/SPDL1/ZWINT",31
"GO:0007129","GO:0007129","homologous chromosome pairing at meiosis","21/2846","54/18860",0.388888888888889,2.57710627000859,4.89256369587582,1.74196210117473e-05,0.00113237509971284,0.00102630091279537,"ANKRD31/BAG6/CCNE2/EHMT2/HORMAD1/KASH5/MAEL/MAJIN/MCMDC2/MLH1/MLH3/MSH4/PRDM9/RNF212/SIRT7/SPATA22/SPO11/STAG3/SYCE1/TEX15/ZCWPW1",21
"GO:0044818","GO:0044818","mitotic G2/M transition checkpoint","21/2846","54/18860",0.388888888888889,2.57710627000859,4.89256369587582,1.74196210117473e-05,0.00113237509971284,0.00102630091279537,"ABRAXAS1/ATM/BABAM2/BRSK1/CDC14B/CDC6/CDK1/CHFR/DTL/FOXO4/FZR1/INTS3/MRNIP/NABP2/NAE1/PABIR1/RBBP8/TAOK1/TAOK2/TRIM39/UIMC1",21
"GO:0071168","GO:0071168","protein localization to chromatin","23/2846","62/18860",0.370967741935484,2.45834561240451,4.8487227014481,1.7487692506359e-05,0.00113237509971284,0.00102630091279537,"APLF/BRD2/BRD3/CENPA/CHMP7/ERCC6/H2AC8/H2BC11/H4C14/H4C15/JARID2/LEF1/MMS22L/MRNIP/PARP1/PARP2/PIAS4/RAD21/RNF4/SIRT6/SPIN1/VCPIP1/WAPL",23
"GO:0044843","GO:0044843","cell cycle G1/S phase transition","68/2846","275/18860",0.247272727272727,1.63863796077429,4.49745327195851,1.76968699012796e-05,0.0011337292611224,0.0010275282243912,"ACTB/ACVR1B/AKT1/APC/APPL2/BCL7A/BCL7B/BID/CACNB4/CACUL1/CCNB1/CCND3/CCNE2/CCNF/CCNH/CCNI/CCNP/CDC34/CDC6/CDC73/CDC7/CDK10/CDK1/CDK2AP2/CDKN2A/CPSF3/CUL2/DACT1/DDX3X/DPF2/EIF4EBP1/FBXO31/FBXO7/GSPT1/ID2/INHBA/KANK2/KHDRBS1/MAP3K11/MEPCE/MYB/NPAT/PIAS1/PKD1/PKD2/PLK3/PLRG1/POLE/PPP2CA/PPP6C/PRMT2/RASSF1/RBBP8/RBX1/RCC1/SENP2/SMARCA4/SMARCB1/SMARCC1/SMARCD3/TFDP1/TMEM14B/TRIAP1/TRIM39/UBE2E2/USP37/USP38/WAC",68
"GO:0051258","GO:0051258","protein polymerization","71/2846","291/18860",0.243986254295533,1.61685901476238,4.47059181148678,1.89050056991713e-05,0.00119837836126747,0.00108612138005765,"ABITRAM/ARPC2/ARPC5/BAG4/BLOC1S2/CAPG/CAPZA1/CAPZA2/CARMIL2/CDC42EP3/CDC42EP4/CDK1/CDK5R1/CEP192/CFL1/CHMP2A/CHMP3/CLASP1/CLIP3/CORO7/CYRIB/DCTN1/DNM2/DYRK1A/EML2/FBXO5/GBA2/GPX4/GRB2/HAUS3/HAUS6/HDGFL3/HSP90AA1/JAK2/KANK1/KANK2/KANK3/MAPRE3/MAPT/MECP2/MLST8/MTPN/NCKAP1/NDEL1/NUMA1/PCNT/PINK1/PPP2CA/PRKCE/PRKN/PYCARD/RASA1/SKA1/SPTAN1/SPTBN1/SPTBN4/SSH1/SSH2/SSNA1/SVIL/TMOD3/TPGS2/TPPP/TRIM32/TUBG1/TUBG2/TUBGCP3/TUBGCP4/TWF2/UBE2K/UBE2S",71
"GO:0000724","GO:0000724","double-strand break repair via homologous recombination","52/2846","195/18860",0.266666666666667,1.76715858514875,4.5395763430206,1.91877783483552e-05,0.00120363334597703,0.0010908841089498,"ACTB/ATM/C1QBP/CDC45/CDC7/CHD4/DYRK1A/EPC1/EPC2/ERCC4/ERCC6/FAN1/FIGNL1/FUS/H2AX/HTATSF1/INTS3/KASH5/LIG3/MBTD1/MCM2/MCM6/MCMDC2/MEAF6/MMS22L/MRNIP/NABP2/NSMCE2/NSMCE3/PALB2/PARP1/PIAS1/PIAS4/POLN/PPP4R2/RAD21/RAD51AP1/RAD54B/RBBP8/RECQL4/RECQL5/REV3L/RMI1/RTEL1/SAMHD1/SENP3/SFR1/SIRT6/SMCHD1/TEX15/UHRF1/XRCC2",52
"GO:0030071","GO:0030071","regulation of mitotic metaphase/anaphase transition","30/2846","92/18860",0.326086956521739,2.16092761770907,4.70562078240434,1.95707744089828e-05,0.00121500209784427,0.00110118790353311,"ACTB/ANAPC11/ANAPC7/APC/ATM/BCL7A/BCL7B/BUB3/CCNB1/CDC6/CENPF/DPF2/FBXO5/HASPIN/KLHL22/KNL1/MAD1L1/MAD2L1/NSMCE2/RAD21/RIOK2/SKA1/SKA3/SMARCA4/SMARCB1/SMARCC1/SMARCD3/SPC24/SPDL1/ZWINT",30
"GO:0048025","GO:0048025","negative regulation of mRNA splicing, via spliceosome","12/2846","22/18860",0.545454545454545,3.61464256053153,5.17288872620159,1.99765288858089e-05,0.00122753731581981,0.00111254889659419,"C1QBP/DYRK1A/HNRNPK/NPM1/PTBP1/RBM42/RNPS1/SAP18/SRSF10/SRSF6/SRSF9/U2AF2",12
"GO:0000289","GO:0000289","nuclear-transcribed mRNA poly(A) tail shortening","15/2846","32/18860",0.46875,3.10633345045678,5.02720835548256,2.01825631135041e-05,0.0012276706572679,0.00111266974740584,"CNOT1/CNOT4/CNOT6L/CNOT8/CNOT9/EIF4ENIF1/MLH1/PABPC1/PAN2/PAN3/PARN/POLR2G/TENT4A/TNRC6B/TNRC6C",15
"GO:0009303","GO:0009303","rRNA transcription","18/2846","43/18860",0.418604651162791,2.77402801157071,4.90960298538939,2.11679300132058e-05,0.00127473274539525,0.00115532333808918,"BRF1/CDKN2A/DDX11/ERCC2/ERCC6/GTF2H5/GTF3A/GTF3C1/NCL/POLR1A/POLR2E/PWP1/SIRT7/SMARCA4/SMARCB1/SPIN1/TAF1B/TOP1",18
"GO:0010506","GO:0010506","regulation of autophagy","87/2846","377/18860",0.230769230769231,1.52927185253257,4.37612891811703,2.32216720789633e-05,0.00138456345801502,0.00125486576059849,"ADRA1A/ADRB2/AKT1/ATM/ATP13A2/ATP6V0D1/ATP6V0E2/ATP6V1B2/ATP6V1D/ATP6V1E2/ATP6V1G1/BNIP3/CAPNS1/CDC37/CDK5R1/CISD1/CISD2/CPTP/CSNK2A2/DAPK1/DDIT3/DRAM2/EEF1A2/EHMT2/EIF2AK1/ENDOG/ERCC4/EXOC7/EXOC8/FBXO7/FEZ1/FOXK1/FOXK2/FOXO3/GFAP/GPR137/IRGQ/KLHL22/LYPLA1/MAPT/MFSD8/MLST8/MOAP1/MTDH/NPRL2/NPRL3/OMA1/PHF23/PINK1/PLK3/PRKN/PSAP/PYCARD/RAB3GAP2/RBX1/RIPK2/RNF41/RNF5/ROCK1/RPGR/RUBCN/SLC25A4/SNRNP70/SNX32/SNX4/SNX6/SREBF1/SREBF2/STUB1/SUPT5H/SVIP/TBC1D25/TBK1/TIGAR/TOMM7/TPCN2/TRIM32/TRIM8/ULK3/USP10/USP36/VHL/VPS13C/VPS26B/VPS35/WAC/XPA",87
"GO:0070936","GO:0070936","protein K48-linked ubiquitination","34/2846","111/18860",0.306306306306306,2.02984432077897,4.58744509328431,2.52292187446649e-05,0.00148951328706247,0.00134998451177593,"ANAPC10/ANAPC11/ANAPC13/ANAPC1/ANAPC2/ANAPC7/CDC34/DUSP22/FBXO7/FOXO4/ITCH/KBTBD2/PPIA/PRKN/RBX1/RNF170/RNF216/RNF4/RNF5/SKP1/TCF25/TTC3/UBE2D3/UBE2D4/UBE2E2/UBE2G1/UBE2G2/UBE2K/UBE2Q2/UBE2R2/UBE2T/UBE3A/USP38/ZNRF1",34
"GO:1902115","GO:1902115","regulation of organelle assembly","60/2846","238/18860",0.252100840336134,1.67063311621205,4.38921827460874,2.92801225144759e-05,0.00171189221147741,0.00155153229675582,"AKT1/ARHGAP35/ARHGEF5/ATM/CBLN1/CDK10/CEP120/CHMP1A/CHMP2A/CHMP2B/CHMP3/CHMP5/CHMP7/CNOT1/CNOT6L/CNTROB/CRIPT/DYNC1H1/DYNLT2B/EHMT2/EPHB2/FEZ1/G3BP2/GPSM2/HNRNPU/HSF1/IFT140/LRFN4/MDM1/MOAP1/MPHOSPH9/NPM1/NUMA1/NUP62/PAN2/PAN3/PDCD6IP/PHF23/PINK1/PLK4/RAB1B/RAB3GAP2/RBM14/RCC1/RHOA/RNF4/RNF5/SEPTIN9/SMAD4/SNX4/SPICE1/TAPT1/TBC1D12/TRIM32/TRIM37/TTBK2/USP10/VPS4B/WDR44/ZMYND10",60
"GO:0006364","GO:0006364","rRNA processing","57/2846","223/18860",0.255605381165919,1.6938571640159,4.39401334589356,3.00249766378253e-05,0.00173792693578261,0.00157512824241515,"BOP1/BYSL/CDKN2A/CHD7/DDX10/DDX51/DDX52/DKC1/ERCC2/ESF1/EXOSC1/EXOSC2/EXOSC5/FBL/FTSJ3/GTF2H5/KRI1/LYAR/MAK16/MPHOSPH10/MPHOSPH6/MTERF4/MYG1/NAT10/NOB1/NOL7/NOLC1/POP4/POP7/PPAN/PWP1/PWP2/RBFA/RIOK2/RPL5/RPP38/RPP40/RPS15/RPS16/RPUSD1/RRP1B/RRP7A/RRP7BP/RRP9/SART1/SIRT7/SUV39H1/TFB1M/TSR3/USP36/UTP18/UTP20/UTP4/WDR12/WDR18/WDR43/YTHDF2",57
"GO:0045143","GO:0045143","homologous chromosome segregation","24/2846","68/18860",0.352941176470588,2.33888636269687,4.66271143298895,3.03026117995971e-05,0.00173792693578261,0.00157512824241515,"ANKRD31/ATM/BAG6/CCNE2/EHMT2/HORMAD1/KASH5/KNL1/MAEL/MAJIN/MCMDC2/MLH1/MLH3/MSH4/PRDM9/RNF212/SIRT7/SPATA22/SPO11/STAG3/SYCE1/TEX15/ZCWPW1/ZWINT",24
"GO:0006284","GO:0006284","base-excision repair","20/2846","52/18860",0.384615384615385,2.54878642088762,4.71464244849845,3.32051310182409e-05,0.00188642734897969,0.00170971801717556,"APEX2/DNA2/ERCC6/HMGA1/HMGA2/LIG3/LIG4/MBD4/MPG/NEIL2/NEIL3/OGG1/PARP1/PARP2/PCNA/POLE/RBX1/SIRT6/XPA/XRCC1",20
"GO:0048024","GO:0048024","regulation of mRNA splicing, via spliceosome","35/2846","117/18860",0.299145299145299,1.98238943846815,4.49349154762603,3.37192980204034e-05,0.00189773469793336,0.00171996616070626,"C1QBP/DAZAP1/DYRK1A/FMR1/HNRNPA1/HNRNPK/HNRNPL/HNRNPU/KHDRBS1/LARP7/NCL/NPM1/PTBP1/QKI/RBFOX1/RBM14/RBM19/RBM23/RBM42/RNPS1/SAP18/SNRNP70/SNW1/SRPK1/SRPK2/SRSF10/SRSF1/SRSF2/SRSF5/SRSF6/SRSF9/TIA1/TRA2A/U2AF2/UPF1",35
"GO:0050686","GO:0050686","negative regulation of mRNA processing","12/2846","23/18860",0.521739130434783,3.4574841883345,4.97136496532347,3.60298308640906e-05,0.00200899668021809,0.00182080578002251,"C1QBP/DYRK1A/HNRNPK/NPM1/PTBP1/RBM42/RNPS1/SAP18/SRSF10/SRSF6/SRSF9/U2AF2",12
"GO:0051236","GO:0051236","establishment of RNA localization","46/2846","170/18860",0.270588235294118,1.79314621140093,4.37925193093231,3.81734842612564e-05,0.00210899745157143,0.00191143907189391,"ALKBH5/ALYREF/ATM/ATXN2/DDX25/DDX39A/DDX39B/DHX9/FMR1/FXR2/FYTTD1/G3BP2/GLE1/HNRNPA1/HSF1/IWS1/KHDRBS1/NSUN2/NUP107/NUP155/NUP210/NUP214/NUP50/NUP62/NXF1/PCID2/QKI/RAE1/RANBP2/RAN/RBFOX1/RBM33/SEH1L/SENP2/SLBP/SMG6/SMG7/SRSF1/THOC3/THOC6/TOMM20/UPF1/UPF2/YBX1/ZC3H3/ZFP36L1",46
"GO:0018193","GO:0018193","peptidyl-amino acid modification","91/2846","404/18860",0.225247524752475,1.49268036431191,4.22001516590914,4.05006149846754e-05,0.0022172245767065,0.00200952812148844,"ABI1/ABI2/ACVR1B/AKT1/ALK/ANTKMT/ARAF/ARL2BP/ATM/ATPSCKMT/AURKA/BAG6/BRSK1/CDK10/CDK1/CDK5R1/CDKN2A/CEP41/CLIP3/CNOT9/DDR1/DIP2A/DYRK1A/EEF1AKMT1/EGLN2/EGR1/EHMT1/EHMT2/EPHB2/ERCC6/ESCO1/GADD45A/HDAC4/HINT1/IGF1R/JAK2/KAT7/KIT/MAP2K2/MAP4K1/MORC3/NNAT/NOS2/NRG1/NSMCE2/NSMCE3/NTMT1/PARD3/PDCL3/PIAS1/PIAS4/PLOD3/PML/PPIA/PRKCE/PTK2/PTPN2/QPCTL/RANBP2/RELA/RIPK2/RNF212/ROCK1/SAE1/SENP1/SENP2/SENP3/SENP7/SETD6/SIRT5/SNX6/SOCS4/SRCIN1/SRPK2/TBK1/TOLLIP/TOP1/TRIM28/TTBK2/TTLL4/TTLL6/TTLL7/UBA2/UBE2I/UBE2K/UHRF2/VKORC1L1/WNK3/ZDHHC12/ZDHHC14/ZFYVE28",91
"GO:0051225","GO:0051225","spindle assembly","39/2846","137/18860",0.284671532846715,1.88647403706572,4.39000941385608,4.29835602485322e-05,0.00233195495330325,0.00211351123649729,"ABRAXAS1/AURKA/BCCIP/CEP192/CEP63/CHMP1A/CHMP2A/CHMP2B/CHMP3/CHMP5/CHMP7/CLASP1/DYNC1H1/FBXO5/GPSM2/HAUS3/HAUS6/HNRNPU/KASH5/KIF11/KIF2A/MAPRE2/MAPRE3/MLH1/NUMA1/RCC1/RHOA/RNF4/SKA1/SKA3/SPICE1/STAG1/STAG2/TUBB8/TUBB/TUBGCP3/TUBGCP4/UHRF1/VPS4B",39
"GO:0006261","GO:0006261","DNA-templated DNA replication","46/2846","171/18860",0.269005847953216,1.78265997624654,4.334160747535,4.46905421601897e-05,0.00240291468650591,0.00217782388252428,"ATM/BOD1L1/CCNE2/CDC34/CDC45/CDC6/CDC7/CDK1/CDT1/CHRAC1/DDX11/DNA2/DNAJA3/DYNLL1/ENDOG/FBXO5/FZR1/GMNN/KAT7/LIG3/LRWD1/MCM2/MCM6/MMS22L/ORC6/PARP1/PCNA/POLA1/POLA2/POLE/POLG2/POLN/PRIM1/RBBP8/RECQL5/REV3L/RFC3/RTEL1/SAMHD1/SENP2/SETMAR/TWNK/UPF1/WDHD1/WDR18/WRNIP1",46
"GO:2001252","GO:2001252","positive regulation of chromosome organization","32/2846","105/18860",0.304761904761905,2.01960981159857,4.41669070569018,4.81284279510176e-05,0.00254522973044829,0.00230680769675652,"ACD/ACTR8/ATM/CCT3/CCT5/CDK1/DDX11/DKC1/HNRNPA1/HSP90AA1/INO80C/INO80E/LIG4/MAD1L1/MAP2K7/NABP2/NCAPD3/NCAPH/NSMCE2/NUMA1/PARN/PKIB/PML/PPP1R10/PTGES3/RAD21/RTEL1/SIRT6/SKA1/SKA3/SMC4/TNKS2",32
"GO:0090068","GO:0090068","positive regulation of cell cycle process","67/2846","278/18860",0.241007194244604,1.59711724646987,4.22826940987795,4.81826949968624e-05,0.00254522973044829,0.00230680769675652,"AKT1/ANAPC11/ANAPC7/ANKRD31/AURKA/BRD4/CCNB1/CCND3/CCNE2/CDC14A/CDC14B/CDC25B/CDC25C/CDC42/CDC6/CDC73/CDC7/CDK10/CDK1/CEP120/CHMP3/CPSF3/DDX11/DDX3X/DMRT1/DTL/DYNC1H1/EXOC7/FBXO5/GPSM2/HNRNPU/KNL1/LEF1/MAD1L1/MAD2L1/MEIOSIN/MEPCE/NCAPD3/NCAPH/NEUROG1/NPM1/NSMCE2/NUMA1/NUP62/PLK4/PLRG1/PLSCR1/POC1A/PPP1R10/PRDM9/PRKCE/RAD18/RAD21/RAD51AP1/RCC2/RHOA/RXFP3/SKA1/SKA3/SMARCD3/SMC4/SPAST/SVIL/TFDP1/TMOD3/UBE2E2/VPS4B",67
"GO:0050657","GO:0050657","nucleic acid transport","45/2846","167/18860",0.269461077844311,1.78567671403504,4.29921812773033,5.14387227572035e-05,0.00266904725146352,0.00241902672636095,"ALKBH5/ALYREF/ATXN2/DDX25/DDX39A/DDX39B/DHX9/FMR1/FXR2/FYTTD1/G3BP2/GLE1/HNRNPA1/HSF1/IWS1/KHDRBS1/NSUN2/NUP107/NUP155/NUP210/NUP214/NUP50/NUP62/NXF1/PCID2/QKI/RAE1/RANBP2/RAN/RBFOX1/RBM33/SEH1L/SENP2/SLBP/SMG6/SMG7/SRSF1/THOC3/THOC6/TOMM20/UPF1/UPF2/YBX1/ZC3H3/ZFP36L1",45
"GO:0050658","GO:0050658","RNA transport","45/2846","167/18860",0.269461077844311,1.78567671403504,4.29921812773033,5.14387227572035e-05,0.00266904725146352,0.00241902672636095,"ALKBH5/ALYREF/ATXN2/DDX25/DDX39A/DDX39B/DHX9/FMR1/FXR2/FYTTD1/G3BP2/GLE1/HNRNPA1/HSF1/IWS1/KHDRBS1/NSUN2/NUP107/NUP155/NUP210/NUP214/NUP50/NUP62/NXF1/PCID2/QKI/RAE1/RANBP2/RAN/RBFOX1/RBM33/SEH1L/SENP2/SLBP/SMG6/SMG7/SRSF1/THOC3/THOC6/TOMM20/UPF1/UPF2/YBX1/ZC3H3/ZFP36L1",45
"GO:0006310","GO:0006310","DNA recombination","82/2846","358/18860",0.229050279329609,1.51788062830514,4.17050558652567,5.18562817039574e-05,0.00266904725146352,0.00241902672636095,"ACTB/ACTR8/ANKRD31/APEX2/APLF/ATM/BRME1/C1QBP/CDC45/CDC7/CHD4/CTBP1-DT/DYRK1A/ENDOG/EPC1/EPC2/ERCC2/ERCC4/ERCC6/FAN1/FIGNL1/FUS/H1-2/H2AX/HSPD1/HTATSF1/INO80C/INO80E/INTS3/KASH5/KIN/LEF1/LIG3/LIG4/MAJIN/MBTD1/MCM2/MCM6/MCMDC2/MEAF6/MLH1/MLH3/MMS22L/MRNIP/MSH4/NABP2/NFKBIZ/NHEJ1/NSMCE2/NSMCE3/PALB2/PARP1/PARP3/PIAS1/PIAS4/PMS2/POLN/PPP4R2/PRDM9/RAD21/RAD51AP1/RAD54B/RBBP8/RECQL4/RECQL5/REV3L/RMI1/RNF212/RTEL1/SAMHD1/SENP3/SFR1/SIRT6/SMCHD1/SPO11/TEX15/TFRC/UHRF1/XRCC1/XRCC2/ZCWPW1/ZGRF1",82
"GO:0032984","GO:0032984","protein-containing complex disassembly","64/2846","264/18860",0.242424242424242,1.60650780468068,4.18365105800116,5.83775362002041e-05,0.00297923324574262,0.00270015633539749,"ABCE1/ADRB2/AFG2B/APC2/APC/ATAD2/BBOF1/BNIP3/CAPG/CAPZA1/CAPZA2/CARMIL2/CCDC88C/CFL1/CHMP1A/CHMP2A/CHMP2B/CHMP3/CHMP5/CHMP7/CKAP2/CLASP1/EIF5A/ELP6/GAK/GSPT1/H2AC25/HDGFL3/HMGA1/IGF1R/JMJD4/KIF2A/KIF5B/MAP1LC3B/MFSD8/MICAL3/MTPN/MTRFR/NSF/PHF23/PPP1R10/RUBCN/SCAF4/SET/SMARCA4/SMARCB1/SMARCC1/SMARCD3/SNX14/SPAST/SPECC1L/SPTAN1/SPTBN1/SPTBN4/STX17/SVIL/TAOK1/TBC1D25/TMOD3/TTBK2/TWF2/UPF1/VPS4B/VTA1",64
"GO:0051028","GO:0051028","mRNA transport","39/2846","139/18860",0.280575539568345,1.85933052574104,4.28676803747236,6.10688057904976e-05,0.00309038948294434,0.00280090011520327,"ALKBH5/ALYREF/DDX25/DDX39A/DDX39B/DHX9/FMR1/FXR2/FYTTD1/G3BP2/GLE1/HNRNPA1/HSF1/IWS1/NSUN2/NUP107/NUP155/NUP210/NUP214/NUP50/NUP62/NXF1/PCID2/QKI/RAE1/RANBP2/RBM33/SEH1L/SENP2/SLBP/SMG6/SMG7/SRSF1/THOC3/THOC6/UPF1/UPF2/ZC3H3/ZFP36L1",39
"GO:0061952","GO:0061952","midbody abscission","12/2846","24/18860",0.5,3.3134223471539,4.78071740258257,6.21695328948638e-05,0.00311987439244058,0.00282762305315675,"CEP55/CHMP1A/CHMP2A/CHMP2B/CHMP3/CHMP5/CHMP7/MITD1/PDCD6IP/SPART/VPS4B/ZFYVE19",12
"GO:1902459","GO:1902459","positive regulation of stem cell population maintenance","19/2846","50/18860",0.38,2.51820098383696,4.53154961089572,6.31030009013437e-05,0.00313750819471493,0.0028436050253626,"ACTB/ARID4A/BCL7A/BCL7B/DPF2/ING1/LBH/RBBP7/SAP130/SAP30/SINHCAF/SIRT6/SMARCA4/SMARCB1/SMARCC1/SS18/SUDS3/TEAD4/ZNF322",19
"GO:0045930","GO:0045930","negative regulation of mitotic cell cycle","60/2846","244/18860",0.245901639344262,1.62955197401011,4.1726329584813,6.35629358610464e-05,0.00313750819471493,0.0028436050253626,"ABRAXAS1/APC/ATM/BABAM2/BMP7/BRSK1/BUB3/CACNB4/CCNB1/CDC14B/CDC6/CDC73/CDK1/CDK2AP2/CENPF/CHFR/DACT1/DTL/FBXO31/FBXO5/FBXO7/FOXC1/FOXO4/FZR1/HASPIN/INHBA/INTS3/KANK2/KLHL22/KNL1/MAD1L1/MAD2L1/MRNIP/NABP2/NAE1/PABIR1/PKD2/PKMYT1/PLK3/PML/PPP1R10/PRMT2/RAD21/RAD9A/RBBP8/SETMAR/SKA1/SKA3/SPC24/SPDL1/TAOK1/TAOK2/TPRA1/TRIAP1/TRIM39/UIMC1/WAC/ZFP36L1/ZFYVE19/ZWINT",60
"GO:0006352","GO:0006352","DNA-templated transcription initiation","58/2846","234/18860",0.247863247863248,1.64255124901646,4.16948837741105,6.58732365911552e-05,0.00322511081912144,0.00292300155520017,"ARMC5/ATAD2/BRF1/CCNH/CTCFL/DPY30/EGR1/ELOB/ERCC2/ERCC6/GTF2A1/GTF2A1L/GTF2F1/GTF2F2/GTF2H5/GTF3C1/HEY2/INTS11/INTS2/INTS3/INTS7/KAT7/MAZ/MED11/MED15/MED18/MED20/MED26/MED28/MED4/NFKBIZ/OGG1/POLR2G/POLR2I/POLR3H/PPM1D/PPP2CA/PRMT3/RBM14/RBX1/SIRT7/SMARCA4/SMARCA5/SMARCB1/TAF12/TAF1B/TAF4B/TAF4/TAF6/TAF7/TAF8/TFAM/TFB1M/TWIST1/USP21/WDR5/XPA/ZNHIT1",58
"GO:0000281","GO:0000281","mitotic cytokinesis","30/2846","98/18860",0.306122448979592,2.02862592682892,4.30385671954668,7.46596288397186e-05,0.00362580874897408,0.00328616447821682,"ANLN/APC/ARF1/CENPA/CEP55/CFL1/CHMP1A/CHMP2A/CHMP2B/CHMP3/CHMP5/CHMP7/CKAP2/CNTROB/EFHC1/EXOC7/EXOC8/IQGAP2/MITD1/NUP62/PDCD6IP/RAB35/RASA1/RHOA/ROCK1/SPART/SPAST/SPTBN1/VPS4B/ZFYVE19",30
"GO:0061640","GO:0061640","cytoskeleton-dependent cytokinesis","36/2846","126/18860",0.285714285714286,1.89338419837366,4.24165310098669,7.64961642458108e-05,0.00368527920870618,0.00334006409780656,"ALKBH4/ANLN/APC/ARF1/CENPA/CEP55/CFL1/CHMP1A/CHMP2A/CHMP2B/CHMP3/CHMP5/CHMP7/CKAP2/CNTROB/EFHC1/EXOC7/EXOC8/IQGAP2/MITD1/NOX5/NUP62/PDCD6IP/RAB35/RASA1/RHOA/ROCK1/SEPTIN10/SEPTIN2/SEPTIN9/SPART/SPAST/SPIRE2/SPTBN1/VPS4B/ZFYVE19",36
"GO:0000910","GO:0000910","cytokinesis","50/2846","195/18860",0.256410256410256,1.69919094725841,4.13738533971176,8.22629554943473e-05,0.0039145612276326,0.00354786833632384,"ALKBH4/ANLN/APC/ARF1/AURKA/CALM3/CDC14A/CDC14B/CDC25B/CDC42/CDC6/CENPA/CEP55/CFL1/CHMP1A/CHMP2A/CHMP2B/CHMP3/CHMP5/CHMP7/CKAP2/CNTROB/EFHC1/EXOC7/EXOC8/FSD1/IQGAP2/KLHL13/MITD1/NOX5/NUP62/PDCD6IP/PLK3/PRKCE/PRPF40A/RAB35/RASA1/RHOA/ROCK1/RXFP3/SEPTIN10/SEPTIN2/SEPTIN9/SPART/SPAST/SPIRE2/SPTBN1/SVIL/VPS4B/ZFYVE19",50
"GO:0006367","GO:0006367","transcription initiation at RNA polymerase II promoter","49/2846","190/18860",0.257894736842105,1.70902836853201,4.14090359159065,8.25555091181236e-05,0.0039145612276326,0.00354786833632384,"ARMC5/ATAD2/CCNH/CTCFL/DPY30/EGR1/ELOB/ERCC2/ERCC6/GTF2A1/GTF2A1L/GTF2F1/GTF2F2/GTF2H5/HEY2/INTS11/INTS2/INTS3/INTS7/KAT7/MAZ/MED11/MED15/MED18/MED20/MED26/MED28/MED4/OGG1/POLR2G/POLR2I/PPM1D/PPP2CA/PRMT3/RBM14/RBX1/SIRT7/SMARCA4/SMARCB1/TAF12/TAF4B/TAF4/TAF6/TAF7/TAF8/USP21/WDR5/XPA/ZNHIT1",49
"GO:0008608","GO:0008608","attachment of spindle microtubules to kinetochore","20/2846","55/18860",0.363636363636364,2.40976170702102,4.41384676442229,8.44170193291497e-05,0.00397155695625109,0.00359952504294113,"ABRAXAS1/APC/BUB3/CCNB1/CDC42/CDK1/CDT1/DSN1/EML4/HNRNPU/KNL1/MAD1L1/MIS12/RAB24/RCC2/RMDN1/SEH1L/SKA1/SKA3/SPC24",20
"GO:0006399","GO:0006399","tRNA metabolic process","52/2846","206/18860",0.252427184466019,1.6727957480777,4.09315063917298,9.28949137613169e-05,0.00433653620674923,0.00393031520075421,"AARSD1/AKT1/BRF1/CARS2/CTAG1A/CTAG1B/CTAG2/CTU1/DICER1/ELAC1/ELP1/ELP5/ELP6/EXOSC2/FAM98A/FTSJ1/GATC/GTF3C1/HSD17B10/IARS2/LAGE3/MARS2/MTFMT/NAT10/NEMF/NSUN2/POLR2E/POLR2F/POP1/POP4/POP7/PRORP/PTCD1/PUS3/PUSL1/RNH1/RPP38/RPP40/RPPH1/RTCB/SARS1/SARS2/TARBP1/TARS1/TRIT1/TRMT11/TSEN15/TSEN2/TSEN34/TSEN54/VARS2/YRDC",52
"GO:0042790","GO:0042790","nucleolar large rRNA transcription by RNA polymerase I","12/2846","25/18860",0.48,3.18088545326774,4.59988436067495,0.000103166724383807,0.00477900010953295,0.00433133170793553,"DDX11/ERCC2/ERCC6/GTF2H5/NCL/POLR1A/POLR2E/PWP1/SIRT7/SMARCA4/SMARCB1/TAF1B",12
"GO:0006289","GO:0006289","nucleotide-excision repair","27/2846","86/18860",0.313953488372093,2.08052100867803,4.23380547538895,0.000104221119819464,0.00479098918742606,0.00434219772007973,"ACTB/BCL7A/BCL7B/DPF2/ELOF1/ERCC2/ERCC4/ERCC6/FAN1/FANCC/GTF2H5/HMGN1/KAT7/LIG4/OGG1/POLE/POLR2I/RAD23B/RBX1/RNF111/SMARCA4/SMARCB1/SMARCC1/SMARCD3/USP45/UVSSA/XPA",27
"GO:0051494","GO:0051494","negative regulation of cytoskeleton organization","44/2846","167/18860",0.263473053892216,1.7459950092787,4.08208008433394,0.000109444484734728,0.0049929900535798,0.00452527634250052,"APC2/APC/ARAP1/ARHGEF18/BBOF1/CAPG/CAPZA1/CAPZA2/CARMIL2/CCDC88C/CCNF/CFL1/CKAP2/CLASP1/CLIP3/CTNNA2/CYRIB/DYRK1A/EML2/HDGFL3/INPP5K/KANK1/KANK2/KANK3/MDM1/MTPN/NPM1/NUBP1/PRKN/RBM14/RHPN1/SMAD4/SPECC1L/SPTAN1/SPTBN1/SPTBN4/SSH1/SSH2/SVIL/TAOK1/TMOD3/TRIM37/TTBK2/TWF2",44
"GO:0010972","GO:0010972","negative regulation of G2/M transition of mitotic cell cycle","24/2846","73/18860",0.328767123287671,2.17868866662174,4.25361996878773,0.000111150648513853,0.00503270079210845,0.00456126721443869,"ABRAXAS1/ATM/BABAM2/BRSK1/CDC14B/CDC6/CDK1/CHFR/DTL/FOXO4/FZR1/INTS3/MRNIP/NABP2/NAE1/PABIR1/PKMYT1/RAD21/RBBP8/TAOK1/TAOK2/TRIM39/UIMC1/ZFYVE19",24
"GO:0045931","GO:0045931","positive regulation of mitotic cell cycle","38/2846","138/18860",0.27536231884058,1.82478332162099,4.09949309325244,0.000116398882356565,0.00523100051903908,0.00474099139841941,"AKT1/ANAPC11/ANAPC7/AURKA/BRD4/CCNB1/CCND3/CCNE2/CDC25B/CDC25C/CDC6/CDC7/CDK10/CDK1/CPSF3/DDX3X/DTL/DUSP3/EIF4EBP1/FBXO5/FOXA1/HSF1/MAD1L1/MEPCE/NEUROG1/NSMCE2/PLRG1/PPP1R10/PRKCA/RCC2/SKA1/SKA3/SMARCD3/STAT5B/TFDP1/TMOD3/UBE2E2/VPS4B",38
"GO:0031109","GO:0031109","microtubule polymerization or depolymerization","41/2846","153/18860",0.26797385620915,1.77582112723281,4.06192696636587,0.000123698456942887,0.00551786746451902,0.00500098634891907,"APC2/APC/BBOF1/BLOC1S2/CCDC88C/CDK1/CDK5R1/CEP192/CKAP2/CLASP1/CLIP3/DCTN1/DYRK1A/EML2/FBXO5/GBA2/HAUS3/HAUS6/HDGFL3/KIF2A/MAPRE2/MAPRE3/MAPT/MECP2/NDEL1/NUMA1/PCNT/PPP2CA/SKA1/SKA3/SPAST/SPECC1L/SSNA1/TAOK1/TPGS2/TPPP/TTBK2/TUBG1/TUBG2/TUBGCP3/TUBGCP4",41
"GO:0006605","GO:0006605","protein targeting","73/2846","319/18860",0.22884012539185,1.51648797079771,3.92207452577006,0.000133980505962675,0.00593257799196492,0.00537684925244946,"AKT2/ANKRD13C/AP1M2/AP3B1/BAG4/BAG6/BID/CDC37/CDK5R1/CDKN2A/CSNK2A2/EDEM1/FBXO7/GDAP1/GET1/GNPTAB/GNPTG/HACL1/HGS/ICMT/INPP5K/ITGB1BP1/LYPLA1/LYSET/MTERF4/MYO1C/NACAD/NAGPA/NCOA4/NPEPPS/PAN3/PARD3/PEX16/PINK1/PML/PRKN/RAB3IP/SAE1/SEC61B/SEC61G/SGTA/SIL1/SNAP25-AS1/SPCS3/SREBF1/SREBF2/SRP14/SRP54/SRP68/SRPRB/SYNGR1/TAOK2/TIMM13/TIMM8B/TOMM20/TOMM34/TOMM40/TOMM7/TRAM2/TTC9-DT/UBE2D3/UBL5/USP36/VPS13C/VPS37C/YWHAE/YWHAG/ZDHHC11B/ZDHHC12/ZDHHC14/ZFAND2A/ZFAND6/ZFYVE16",73
"GO:1904896","GO:1904896","ESCRT complex disassembly","7/2846","10/18860",0.7,4.63879128601546,4.85208426766496,0.000139218356269929,0.00607516624244572,0.0055060806808511,"CHMP1A/CHMP2A/CHMP2B/CHMP5/CHMP7/VPS4B/VTA1",7
"GO:1904903","GO:1904903","ESCRT III complex disassembly","7/2846","10/18860",0.7,4.63879128601546,4.85208426766496,0.000139218356269929,0.00607516624244572,0.0055060806808511,"CHMP1A/CHMP2A/CHMP2B/CHMP5/CHMP7/VPS4B/VTA1",7
"GO:0016241","GO:0016241","regulation of macroautophagy","50/2846","199/18860",0.251256281407035,1.66503635535372,3.97586230535432,0.000141800749847714,0.0061433389610283,0.00556786738326692,"ADRB2/AKT1/ATM/ATP13A2/ATP6V0D1/ATP6V0E2/ATP6V1B2/ATP6V1D/ATP6V1E2/ATP6V1G1/BNIP3/CAPNS1/CDC37/CDK5R1/CSNK2A2/EHMT2/EIF2AK1/EXOC7/EXOC8/FBXO7/FEZ1/LYPLA1/MOAP1/OMA1/PHF23/PINK1/PRKN/RAB3GAP2/RBX1/RIPK2/RNF41/RUBCN/SLC25A4/SNX32/SNX4/SNX6/SREBF1/SREBF2/STUB1/SUPT5H/TBC1D25/TBK1/TIGAR/TOMM7/TRIM32/USP36/VPS13C/VPS26B/VPS35/WAC",50
"GO:0045333","GO:0045333","cellular respiration","76/2846","336/18860",0.226190476190476,1.49892915704581,3.89016482924302,0.000146180858646387,0.00628786521977531,0.0056988552788084,"ACO2/ACTN3/ANTKMT/ATP5F1C/ATP5F1D/ATP5ME/ATP5MG/ATP5PO/ATPSCKMT/BCKDK/BID/CCNB1/CDK1/CISD1/COQ10B/COX6C/COX7A2L/COX8C/ENO2/ETFB/ETFDH/FKRP/FOXK1/FOXK2/GPI/HDAC4/IDH3A/IDH3G/IFNAR1/ISCU/LDHA/MDH1B/MFSD8/MLST8/MPC2/MTFR1/MYBBP1A/NDUFA11/NDUFA12/NDUFA3/NDUFA9/NDUFB10/NDUFB11/NDUFB2/NDUFB4/NDUFS7/NDUFS8/NOS2/OPN3/OXA1L/PDK2/PFKM/PFKP/PGAM1/PINK1/PPARA/PPP2CA/PRELID1/PUM2/RAN/RHOA/SCO2/SDHA/SDHAF4/SDHD/SIRT6/SLC25A51/SOD2/SUCLA2/TIGAR/TMEM135/UQCC2/UQCR10/UQCRB/UQCRC1/UQCRFS1",76
"GO:0033047","GO:0033047","regulation of mitotic sister chromatid segregation","20/2846","57/18860",0.350877192982456,2.3252086646694,4.22410774847063,0.00014940495739035,0.00638096917308291,0.00578323780566604,"APC/ATM/BUB3/CCNB1/CDK1/CENPF/FBXO5/HASPIN/HNRNPU/KLHL22/KNL1/MAD1L1/MAD2L1/NUMA1/RAD21/SKA1/SKA3/SPC24/SPDL1/ZWINT",20
"GO:0090150","GO:0090150","establishment of protein localization to membrane","66/2846","283/18860",0.23321554770318,1.54548321492691,3.89774734783123,0.000154329869623527,0.00654489066811889,0.00593180410673084,"AKT1/AKT2/ANKRD13C/AP3B1/ATP13A1/ATP2C1/BAG6/BID/CALM3/CCDC47/CDK5R1/CLSTN1/COX18/CSK/EMC10/EMC6/FRMPD1/GET1/GOLGA4/ICMT/INPP5K/ITGB1BP1/LYPLA1/LYPLAL1/MOAP1/MTX2/MYO1C/NACAD/NSF/NSG1/OXA1L/PARD3/PEX16/PHAF1/RAB10/RAB3GAP2/RAB3IP/RAB5IF/ROMO1/SEC61B/SEC61G/SGTA/SIL1/SNAP25-AS1/SPTBN1/SRP14/SRP54/SRP68/SRPRB/STX3/TAOK2/TIMM13/TIMM29/TIMM8B/TOMM20/TOMM40/TOMM7/TRAM2/TTC9-DT/VAMP3/VPS35/VPS37C/WDR44/ZDHHC11B/ZDHHC12/ZDHHC14",66
"GO:0015931","GO:0015931","nucleobase-containing compound transport","58/2846","241/18860",0.240663900414938,1.59484229157615,3.9179514441159,0.000155952579444591,0.00656745757633094,0.00595225708075232,"ABCC5/ALKBH5/ALYREF/ATXN2/CALHM6/CD47/DDX25/DDX39A/DDX39B/DHX9/FMR1/FXR2/FYTTD1/G3BP2/GLE1/HNRNPA1/HSF1/IWS1/KHDRBS1/LRRC8A/NSUN2/NUP107/NUP155/NUP210/NUP214/NUP50/NUP62/NXF1/PCID2/QKI/RAE1/RANBP2/RAN/RBFOX1/RBM33/SEH1L/SENP2/SLBP/SLC25A24/SLC25A31/SLC25A4/SLC25A51/SLC25A52/SLC35A4/SLC35B3/SLC35D1/SLC35E3/SMG6/SMG7/SRSF1/THOC3/THOC6/TOMM20/UPF1/UPF2/YBX1/ZC3H3/ZFP36L1",58
"GO:0006270","GO:0006270","DNA replication initiation","15/2846","37/18860",0.405405405405405,2.68655865985451,4.32897181131688,0.000158123304890742,0.00661262876425031,0.0059931968995504,"CCNE2/CDC34/CDC45/CDC6/CDT1/GMNN/KAT7/LRWD1/MCM2/MCM6/ORC6/POLA1/POLA2/PRIM1/WRNIP1",15
"GO:0070979","GO:0070979","protein K11-linked ubiquitination","16/2846","41/18860",0.390243902439024,2.58608573436402,4.28595080947805,0.000164075235771169,0.00681421427457918,0.00617589907421787,"AKT1/ANAPC10/ANAPC11/ANAPC13/ANAPC1/ANAPC2/ANAPC7/FZR1/PRKN/RNF4/UBE2D3/UBE2D4/UBE2E2/UBE2S/UBE2T/YWHAE",16
"GO:0000209","GO:0000209","protein polyubiquitination","69/2846","300/18860",0.23,1.52417427969079,3.8581065239776,0.000172041033218361,0.0070961034386368,0.00643138253235186,"AKT1/ANAPC10/ANAPC11/ANAPC13/ANAPC1/ANAPC2/ANAPC7/ATM/BLMH/CBFB/CDC34/CDKN2A/CEP63/CHFR/DAW1/DDX3X/DTL/DUSP22/FBXO7/FOXO4/FZR1/H2AX/ITCH/KBTBD2/MARCHF1/NAGK/NPEPPS/PARP10/PELI3/PPIA/PRKN/RBX1/RIPK2/RNF111/RNF144A/RNF167/RNF170/RNF216/RNF41/RNF4/RNF5/RUSC1/SHARPIN/SKP1/SPSB4/STUB1/TCF25/TNKS2/TRIM32/TRIM8/TTC3/UBE2D3/UBE2D4/UBE2E2/UBE2G1/UBE2G2/UBE2K/UBE2Q2/UBE2R2/UBE2S/UBE2T/UBE2V1/UBE3A/UBE3D/UBE4A/USP38/YWHAE/YWHAG/ZNRF1",69
"GO:0031570","GO:0031570","DNA integrity checkpoint signaling","35/2846","126/18860",0.277777777777778,1.84079019286328,3.99194471463676,0.000176197886356342,0.0072057644680473,0.00653077116656911,"ABRAXAS1/ATM/BABAM2/BRD4/BRSK1/CDC14B/CDC45/CDC5L/CDC6/CDK1/CDT1/CEP63/CLOCK/CRY1/DNA2/DTL/ERCC6/FBXO31/FOXO4/FZR1/GNB1L/H2AX/INTS7/MRNIP/NAE1/PPP1R10/RAD9A/SETMAR/TAOK1/TAOK2/TELO2/TRIAP1/TRIM39/UIMC1/WAC",35
"GO:1902750","GO:1902750","negative regulation of cell cycle G2/M phase transition","24/2846","75/18860",0.32,2.1205903021785,4.09919669312413,0.000178289423071911,0.0072057644680473,0.00653077116656911,"ABRAXAS1/ATM/BABAM2/BRSK1/CDC14B/CDC6/CDK1/CHFR/DTL/FOXO4/FZR1/INTS3/MRNIP/NABP2/NAE1/PABIR1/PKMYT1/RAD21/RBBP8/TAOK1/TAOK2/TRIM39/UIMC1/ZFYVE19",24
"GO:2000036","GO:2000036","regulation of stem cell population maintenance","24/2846","75/18860",0.32,2.1205903021785,4.09919669312413,0.000178289423071911,0.0072057644680473,0.00653077116656911,"ACTB/ARID4A/BCL7A/BCL7B/BMP7/CNOT1/DPF2/HMGA2/ING1/KDM3A/LBH/RBBP7/SAP130/SAP30/SINHCAF/SIRT6/SMARCA4/SMARCB1/SMARCC1/SS18/SUDS3/TEAD4/WDR43/ZNF322",24
"GO:0045787","GO:0045787","positive regulation of cell cycle","78/2846","349/18860",0.223495702005731,1.48107130703727,3.82414273465611,0.000180656406600769,0.00725275253699888,0.0065733576717543,"AKT1/ANAPC11/ANAPC7/ANKRD31/AURKA/BRD4/CCNB1/CCND3/CCNE2/CDC14A/CDC14B/CDC25B/CDC25C/CDC42/CDC6/CDC73/CDC7/CDK10/CDK1/CEP120/CHMP3/CPSF3/DDX11/DDX3X/DMRT1/DTL/DUSP3/DYNC1H1/EIF4EBP1/EXOC7/FBXO5/FNTB/FOXA1/GPSM2/HCFC1/HNRNPU/HSF1/KNL1/LEF1/MAD1L1/MAD2L1/MEIOSIN/MEPCE/NCAPD3/NCAPH/NEUROG1/NPM1/NSMCE2/NUMA1/NUP62/PLK4/PLRG1/PLSCR1/POC1A/PPP1R10/PRDM9/PRKCA/PRKCE/RAD18/RAD21/RAD51AP1/RCC2/RHOA/RXFP3/SKA1/SKA3/SMARCD3/SMC4/SPAST/SRPK2/STAT5B/SVIL/TBX3/TFDP1/TMOD3/TRIM32/UBE2E2/VPS4B",78
"GO:0006405","GO:0006405","RNA export from nucleus","29/2846","98/18860",0.295918367346939,1.96100506260129,4.02092538046908,0.000189078692560399,0.00754060852052133,0.00683424901307541,"ALKBH5/ALYREF/DDX25/DDX39A/DDX39B/DHX9/FMR1/FYTTD1/GLE1/HNRNPA1/IWS1/KHDRBS1/NSUN2/NUP107/NUP155/NUP214/NUP62/NXF1/PCID2/RAE1/RANBP2/RAN/RBM33/SMG6/SMG7/THOC3/THOC6/UPF1/UPF2",29
"GO:0051984","GO:0051984","positive regulation of chromosome segregation","13/2846","30/18860",0.433333333333333,2.87163270086671,4.32496859148305,0.00019480265128724,0.00771777346086685,0.00699481819199682,"CCNB1/CDC6/CDK1/HNRNPU/MAD1L1/NCAPD3/NCAPH/NUMA1/RAD18/RCC2/SKA1/SKA3/SMC4",13
"GO:1903146","GO:1903146","regulation of autophagy of mitochondrion","19/2846","54/18860",0.351851851851852,2.33166757762682,4.13115372703222,0.000208192329325431,0.00819434122351469,0.00742674391160895,"ATP13A2/BNIP3/CDC37/CSNK2A2/EIF2AK1/FBXO7/OMA1/PINK1/PRKN/RBX1/RNF41/SLC25A4/SREBF1/SREBF2/STUB1/TIGAR/TOMM7/USP36/VPS13C",19
"GO:0006457","GO:0006457","protein folding","55/2846","228/18860",0.241228070175439,1.59858095696021,3.8334292121796,0.000213328922851898,0.00834199203515668,0.00756056367045175,"AHSA2P/APLF/BAG1/BAG4/CANX/CCDC47/CCT3/CCT5/CDC37/CHCHD4/CHORDC1/CLPX/DNAJA3/DNAJB11/DNAJB13/DNAJB1/DNAJB6/DNAJC25/DNAJC4/DNAJC5/ELP6/ENTPD5/ERO1A/ERP29/GAK/GRPEL1/GRPEL2/HSP90AA1/HSPA14/HSPA4L/HSPD1/HSPE1/MOGS/MPDU1/NKTR/NUDCD2/PDCD5/PDCL3/PDIA3/PDRG1/PFDN1/POFUT2/PPIA/PTGES3/RANBP2/RIC8A/SDHAF4/SIL1/SNRNP70/TBCA/TBCB/TELO2/TXNDC5/UNC45A/ZMYND10",55
"GO:1901875","GO:1901875","positive regulation of post-translational protein modification","36/2846","133/18860",0.270676691729323,1.79373239845925,3.87251125735828,0.000251052788402592,0.00975380575329297,0.00884012704833576,"ARRDC3/BIRC8/CDC14B/CDKN2A/CHFR/CRY1/DCUN1D2/DDX3X/DNAJA3/EGR1/FZR1/HDAC4/NPM1/NSMCE3/PHF23/PIAS1/PIAS4/PINK1/PRKN/PTTG1IP/RASSF1/RASSF5/RBX1/RIPK2/RNF111/SAE1/SENP2/SPRTN/SPSB4/STUB1/TOLLIP/UBA2/UBB/UBE2S/UBE2V1/UBE3A",36
"GO:0045739","GO:0045739","positive regulation of DNA repair","38/2846","143/18860",0.265734265734266,1.7609797089769,3.85079005330714,0.000258198608687685,0.00996712834305923,0.00903346684241327,"ABRAXAS1/ACTB/ACTR8/ATM/BABAM2/BCL7A/BCL7B/DDX11/DHX9/DPF2/EPC1/EPC2/ERCC6/FUS/H2AX/INO80C/INO80E/MBTD1/MEAF6/MRNIP/PARP1/PARP3/PCNA/PIAS4/RAD51AP1/SETMAR/SIRT6/SMARCA4/SMARCB1/SMARCC1/SMARCD3/SMCHD1/SPIRE2/TIGAR/TRIM28/UIMC1/USP1/ZCWPW1",38
